USE TiendaVideoJuegos_IUE

SET IDENTITY_INSERT Pais ON
INSERT INTO Pais(Id, Nombre, CodigoAlfa, Indicativo) VALUES(004, 'AFGANISTêN', 'AF', '93');
INSERT INTO Pais(Id, Nombre, CodigoAlfa, Indicativo) VALUES(248, 'éLAND', 'AX', '358');
INSERT INTO Pais(Id, Nombre, CodigoAlfa, Indicativo) VALUES(008, 'ALBANIA', 'AL', '355');
INSERT INTO Pais(Id, Nombre, CodigoAlfa, Indicativo) VALUES(276, 'ALEMANIA', 'DE', '49');
INSERT INTO Pais(Id, Nombre, CodigoAlfa, Indicativo) VALUES(020, 'ANDORRA', 'AD', '376');
INSERT INTO Pais(Id, Nombre, CodigoAlfa, Indicativo) VALUES(024, 'ANGOLA', 'AO', '244');
INSERT INTO Pais(Id, Nombre, CodigoAlfa, Indicativo) VALUES(660, 'ANGUILA', 'AI', '1');
INSERT INTO Pais(Id, Nombre, CodigoAlfa, Indicativo) VALUES(010, 'ANTêRTIDA', 'AQ', '672');
INSERT INTO Pais(Id, Nombre, CodigoAlfa, Indicativo) VALUES(028, 'ANTIGUA Y BARBUDA', 'AG', '1');
INSERT INTO Pais(Id, Nombre, CodigoAlfa, Indicativo) VALUES(682, 'ARABIA SAUDITA', 'SA', '966');
INSERT INTO Pais(Id, Nombre, CodigoAlfa, Indicativo) VALUES(012, 'ARGELIA', 'DZ', '213');
INSERT INTO Pais(Id, Nombre, CodigoAlfa, Indicativo) VALUES(032, 'ARGENTINA', 'AR', '54');
INSERT INTO Pais(Id, Nombre, CodigoAlfa, Indicativo) VALUES(051, 'ARMENIA', 'AM', '374');
INSERT INTO Pais(Id, Nombre, CodigoAlfa, Indicativo) VALUES(533, 'ARUBA', 'AW', '297');
INSERT INTO Pais(Id, Nombre, CodigoAlfa, Indicativo) VALUES(036, 'AUSTRALIA', 'AU', '61');
INSERT INTO Pais(Id, Nombre, CodigoAlfa, Indicativo) VALUES(040, 'AUSTRIA', 'AT', '43');
INSERT INTO Pais(Id, Nombre, CodigoAlfa, Indicativo) VALUES(031, 'AZERBAIYêN', 'AZ', '994');
INSERT INTO Pais(Id, Nombre, CodigoAlfa, Indicativo) VALUES(044, 'BAHAMAS', 'BS', '1');
INSERT INTO Pais(Id, Nombre, CodigoAlfa, Indicativo) VALUES(050, 'BANGLADèS', 'BD', '880');
INSERT INTO Pais(Id, Nombre, CodigoAlfa, Indicativo) VALUES(052, 'BARBADOS', 'BB', '1');
INSERT INTO Pais(Id, Nombre, CodigoAlfa, Indicativo) VALUES(048, 'BARèIN', 'BH', '973');
INSERT INTO Pais(Id, Nombre, CodigoAlfa, Indicativo) VALUES(056, 'BèLGICA', 'BE', '32');
INSERT INTO Pais(Id, Nombre, CodigoAlfa, Indicativo) VALUES(084, 'BELICE', 'BZ', '501');
INSERT INTO Pais(Id, Nombre, CodigoAlfa, Indicativo) VALUES(204, 'BENëN', 'BJ', '229');
INSERT INTO Pais(Id, Nombre, CodigoAlfa, Indicativo) VALUES(060, 'BERMUDAS', 'BM', '1');
INSERT INTO Pais(Id, Nombre, CodigoAlfa, Indicativo) VALUES(112, 'BIELORRUSIA', 'BY', '375');
INSERT INTO Pais(Id, Nombre, CodigoAlfa, Indicativo) VALUES(068, 'BOLIVIA', 'BO', '591');
INSERT INTO Pais(Id, Nombre, CodigoAlfa, Indicativo) VALUES(535, 'BONAIRE, SAN EUSTAQUIO Y SABA', 'BQ', '599');
INSERT INTO Pais(Id, Nombre, CodigoAlfa, Indicativo) VALUES(070, 'BOSNIA Y HERZEGOVINA', 'BA', '387');
INSERT INTO Pais(Id, Nombre, CodigoAlfa, Indicativo) VALUES(072, 'BOTSUANA', 'BW', '267');
INSERT INTO Pais(Id, Nombre, CodigoAlfa, Indicativo) VALUES(076, 'BRASIL', 'BR', '55');
INSERT INTO Pais(Id, Nombre, CodigoAlfa, Indicativo) VALUES(096, 'BRUNèI', 'BN', '673');
INSERT INTO Pais(Id, Nombre, CodigoAlfa, Indicativo) VALUES(100, 'BULGARIA', 'BG', '359');
INSERT INTO Pais(Id, Nombre, CodigoAlfa, Indicativo) VALUES(854, 'BURKINA FASO', 'BF', '226');
INSERT INTO Pais(Id, Nombre, CodigoAlfa, Indicativo) VALUES(108, 'BURUNDI', 'BI', '257');
INSERT INTO Pais(Id, Nombre, CodigoAlfa, Indicativo) VALUES(064, 'BUTêN', 'BT', '975');
INSERT INTO Pais(Id, Nombre, CodigoAlfa, Indicativo) VALUES(132, 'CABO VERDE', 'CV', '238');
INSERT INTO Pais(Id, Nombre, CodigoAlfa, Indicativo) VALUES(116, 'CAMBOYA', 'KH', '855');
INSERT INTO Pais(Id, Nombre, CodigoAlfa, Indicativo) VALUES(120, 'CAMERÖN', 'CM', '237');
INSERT INTO Pais(Id, Nombre, CodigoAlfa, Indicativo) VALUES(124, 'CANADê', 'CA', '1');
INSERT INTO Pais(Id, Nombre, CodigoAlfa, Indicativo) VALUES(634, 'CATAR', 'QA', '974');
INSERT INTO Pais(Id, Nombre, CodigoAlfa, Indicativo) VALUES(148, 'CHAD', 'TD', '235');
INSERT INTO Pais(Id, Nombre, CodigoAlfa, Indicativo) VALUES(152, 'CHILE', 'CL', '56');
INSERT INTO Pais(Id, Nombre, CodigoAlfa, Indicativo) VALUES(156, 'CHINA', 'CN', '86');
INSERT INTO Pais(Id, Nombre, CodigoAlfa, Indicativo) VALUES(196, 'CHIPRE', 'CY', '357');
INSERT INTO Pais(Id, Nombre, CodigoAlfa, Indicativo) VALUES(170, 'COLOMBIA', 'CO', '57');
INSERT INTO Pais(Id, Nombre, CodigoAlfa, Indicativo) VALUES(174, 'COMORAS', 'KM', '269');
INSERT INTO Pais(Id, Nombre, CodigoAlfa, Indicativo) VALUES(408, 'COREA DEL NORTE', 'KP', '850');
INSERT INTO Pais(Id, Nombre, CodigoAlfa, Indicativo) VALUES(410, 'COREA DEL SUR', 'KR', '82');
INSERT INTO Pais(Id, Nombre, CodigoAlfa, Indicativo) VALUES(384, 'COSTA DE MARFIL', 'CI', '225');
INSERT INTO Pais(Id, Nombre, CodigoAlfa, Indicativo) VALUES(188, 'COSTA RICA', 'CR', '506');
INSERT INTO Pais(Id, Nombre, CodigoAlfa, Indicativo) VALUES(191, 'CROACIA', 'HR', '385');
INSERT INTO Pais(Id, Nombre, CodigoAlfa, Indicativo) VALUES(192, 'CUBA', 'CU', '53');
INSERT INTO Pais(Id, Nombre, CodigoAlfa, Indicativo) VALUES(531, 'CURAZAO', 'CW', '599');
INSERT INTO Pais(Id, Nombre, CodigoAlfa, Indicativo) VALUES(208, 'DINAMARCA', 'DK', '45');
INSERT INTO Pais(Id, Nombre, CodigoAlfa, Indicativo) VALUES(212, 'DOMINICA', 'DM', '1');
INSERT INTO Pais(Id, Nombre, CodigoAlfa, Indicativo) VALUES(218, 'ECUADOR', 'EC', '593');
INSERT INTO Pais(Id, Nombre, CodigoAlfa, Indicativo) VALUES(818, 'EGIPTO', 'EG', '20');
INSERT INTO Pais(Id, Nombre, CodigoAlfa, Indicativo) VALUES(222, 'EL SALVADOR', 'SV', '503');
INSERT INTO Pais(Id, Nombre, CodigoAlfa, Indicativo) VALUES(784, 'EMIRATOS êRABES UNIDOS', 'AE', '971');
INSERT INTO Pais(Id, Nombre, CodigoAlfa, Indicativo) VALUES(232, 'ERITREA', 'ER', '291');
INSERT INTO Pais(Id, Nombre, CodigoAlfa, Indicativo) VALUES(703, 'ESLOVAQUIA', 'SK', '421');
INSERT INTO Pais(Id, Nombre, CodigoAlfa, Indicativo) VALUES(705, 'ESLOVENIA', 'SI', '386');
INSERT INTO Pais(Id, Nombre, CodigoAlfa, Indicativo) VALUES(724, 'ESPAîA', 'ES', '34');
INSERT INTO Pais(Id, Nombre, CodigoAlfa, Indicativo) VALUES(840, 'ESTADOS UNIDOS', 'US', '1');
INSERT INTO Pais(Id, Nombre, CodigoAlfa, Indicativo) VALUES(233, 'ESTONIA', 'EE', '372');
INSERT INTO Pais(Id, Nombre, CodigoAlfa, Indicativo) VALUES(231, 'ETIOPëA', 'ET', '251');
INSERT INTO Pais(Id, Nombre, CodigoAlfa, Indicativo) VALUES(608, 'FILIPINAS', 'PH', '63');
INSERT INTO Pais(Id, Nombre, CodigoAlfa, Indicativo) VALUES(246, 'FINLANDIA', 'FI', '358');
INSERT INTO Pais(Id, Nombre, CodigoAlfa, Indicativo) VALUES(242, 'FIYI', 'FJ', '679');
INSERT INTO Pais(Id, Nombre, CodigoAlfa, Indicativo) VALUES(250, 'FRANCIA', 'FR', '33');
INSERT INTO Pais(Id, Nombre, CodigoAlfa, Indicativo) VALUES(266, 'GABÆN', 'GA', '241');
INSERT INTO Pais(Id, Nombre, CodigoAlfa, Indicativo) VALUES(270, 'GAMBIA', 'GM', '220');
INSERT INTO Pais(Id, Nombre, CodigoAlfa, Indicativo) VALUES(268, 'GEORGIA', 'GE', '995');
INSERT INTO Pais(Id, Nombre, CodigoAlfa, Indicativo) VALUES(288, 'GHANA', 'GH', '233');
INSERT INTO Pais(Id, Nombre, CodigoAlfa, Indicativo) VALUES(292, 'GIBRALTAR', 'GI', '350');
INSERT INTO Pais(Id, Nombre, CodigoAlfa, Indicativo) VALUES(308, 'GRANADA', 'GD', '1');
INSERT INTO Pais(Id, Nombre, CodigoAlfa, Indicativo) VALUES(300, 'GRECIA', 'GR', '30');
INSERT INTO Pais(Id, Nombre, CodigoAlfa, Indicativo) VALUES(304, 'GROENLANDIA', 'GL', '299');
INSERT INTO Pais(Id, Nombre, CodigoAlfa, Indicativo) VALUES(312, 'GUADALUPE', 'GP', '590');
INSERT INTO Pais(Id, Nombre, CodigoAlfa, Indicativo) VALUES(316, 'GUAM', 'GU', '1');
INSERT INTO Pais(Id, Nombre, CodigoAlfa, Indicativo) VALUES(320, 'GUATEMALA', 'GT', '502');
INSERT INTO Pais(Id, Nombre, CodigoAlfa, Indicativo) VALUES(254, 'GUAYANA FRANCESA', 'GF', '594');
INSERT INTO Pais(Id, Nombre, CodigoAlfa, Indicativo) VALUES(831, 'GUERNSEY', 'GG', '44');
INSERT INTO Pais(Id, Nombre, CodigoAlfa, Indicativo) VALUES(324, 'GUINEA', 'GN', '224');
INSERT INTO Pais(Id, Nombre, CodigoAlfa, Indicativo) VALUES(624, 'GUINEA-BISêU', 'GW', '245');
INSERT INTO Pais(Id, Nombre, CodigoAlfa, Indicativo) VALUES(226, 'GUINEA ECUATORIAL', 'GQ', '240');
INSERT INTO Pais(Id, Nombre, CodigoAlfa, Indicativo) VALUES(328, 'GUYANA', 'GY', '592');
INSERT INTO Pais(Id, Nombre, CodigoAlfa, Indicativo) VALUES(332, 'HAITë', 'HT', '509');
INSERT INTO Pais(Id, Nombre, CodigoAlfa, Indicativo) VALUES(340, 'HONDURAS', 'HN', '504');
INSERT INTO Pais(Id, Nombre, CodigoAlfa, Indicativo) VALUES(344, 'HONG KONG', 'HK', '852');
INSERT INTO Pais(Id, Nombre, CodigoAlfa, Indicativo) VALUES(348, 'HUNGRëA', 'HU', '36');
INSERT INTO Pais(Id, Nombre, CodigoAlfa, Indicativo) VALUES(356, 'INDIA', 'IN', '91');
INSERT INTO Pais(Id, Nombre, CodigoAlfa, Indicativo) VALUES(360, 'INDONESIA', 'ID', '62');
INSERT INTO Pais(Id, Nombre, CodigoAlfa, Indicativo) VALUES(368, 'IRAK', 'IQ', '964');
INSERT INTO Pais(Id, Nombre, CodigoAlfa, Indicativo) VALUES(364, 'IRêN', 'IR', '98');
INSERT INTO Pais(Id, Nombre, CodigoAlfa, Indicativo) VALUES(372, 'IRLANDA', 'IE', '353');
INSERT INTO Pais(Id, Nombre, CodigoAlfa, Indicativo) VALUES(074, 'ISLA BOUVET', 'BV', '47');
INSERT INTO Pais(Id, Nombre, CodigoAlfa, Indicativo) VALUES(833, 'ISLA DE MAN', 'IM', '44');
INSERT INTO Pais(Id, Nombre, CodigoAlfa, Indicativo) VALUES(162, 'ISLA DE NAVIDAD', 'CX', '61');
INSERT INTO Pais(Id, Nombre, CodigoAlfa, Indicativo) VALUES(352, 'ISLANDIA', 'IS', '354');
INSERT INTO Pais(Id, Nombre, CodigoAlfa, Indicativo) VALUES(136, 'ISLAS CAIMêN', 'KY', '1');
INSERT INTO Pais(Id, Nombre, CodigoAlfa, Indicativo) VALUES(166, 'ISLAS COCOS', 'CC', '61');
INSERT INTO Pais(Id, Nombre, CodigoAlfa, Indicativo) VALUES(184, 'ISLAS COOK', 'CK', '682');
INSERT INTO Pais(Id, Nombre, CodigoAlfa, Indicativo) VALUES(234, 'ISLAS FEROE', 'FO', '298');
INSERT INTO Pais(Id, Nombre, CodigoAlfa, Indicativo) VALUES(239, 'ISLAS GEORGIAS DEL SUR Y SANDWICH DEL SUR', 'GS', '500');
INSERT INTO Pais(Id, Nombre, CodigoAlfa, Indicativo) VALUES(334, 'ISLAS HEARD Y MCDONALD', 'HM', '672');
INSERT INTO Pais(Id, Nombre, CodigoAlfa, Indicativo) VALUES(238, 'ISLAS MALVINAS', 'FK', '500');
INSERT INTO Pais(Id, Nombre, CodigoAlfa, Indicativo) VALUES(580, 'ISLAS MARIANAS DEL NORTE', 'MP', '1');
INSERT INTO Pais(Id, Nombre, CodigoAlfa, Indicativo) VALUES(584, 'ISLAS MARSHALL', 'MH', '692');
INSERT INTO Pais(Id, Nombre, CodigoAlfa, Indicativo) VALUES(612, 'ISLAS PITCAIRN', 'PN', '64');
INSERT INTO Pais(Id, Nombre, CodigoAlfa, Indicativo) VALUES(090, 'ISLAS SALOMÆN', 'SB', '677');
INSERT INTO Pais(Id, Nombre, CodigoAlfa, Indicativo) VALUES(796, 'ISLAS TURCAS Y CAICOS', 'TC', '1');
INSERT INTO Pais(Id, Nombre, CodigoAlfa, Indicativo) VALUES(581, 'ISLAS ULTRAMARINAS DE ESTADOS UNIDOS', 'UM', '1');
INSERT INTO Pais(Id, Nombre, CodigoAlfa, Indicativo) VALUES(092, 'ISLAS VëRGENES BRITêNICAS', 'VG', '1');
INSERT INTO Pais(Id, Nombre, CodigoAlfa, Indicativo) VALUES(850, 'ISLAS VëRGENES DE LOS ESTADOS UNIDOS', 'VI', '1');
INSERT INTO Pais(Id, Nombre, CodigoAlfa, Indicativo) VALUES(376, 'ISRAEL', 'IL', '972');
INSERT INTO Pais(Id, Nombre, CodigoAlfa, Indicativo) VALUES(380, 'ITALIA', 'IT', '39');
INSERT INTO Pais(Id, Nombre, CodigoAlfa, Indicativo) VALUES(388, 'JAMAICA', 'JM', '1');
INSERT INTO Pais(Id, Nombre, CodigoAlfa, Indicativo) VALUES(392, 'JAPÆN', 'JP', '81');
INSERT INTO Pais(Id, Nombre, CodigoAlfa, Indicativo) VALUES(832, 'JERSEY', 'JE', '44');
INSERT INTO Pais(Id, Nombre, CodigoAlfa, Indicativo) VALUES(400, 'JORDANIA', 'JO', '962');
INSERT INTO Pais(Id, Nombre, CodigoAlfa, Indicativo) VALUES(398, 'KAZAJISTêN', 'KZ', '7');
INSERT INTO Pais(Id, Nombre, CodigoAlfa, Indicativo) VALUES(404, 'KENIA', 'KE', '254');
INSERT INTO Pais(Id, Nombre, CodigoAlfa, Indicativo) VALUES(417, 'KIRGUISTêN', 'KG', '996');
INSERT INTO Pais(Id, Nombre, CodigoAlfa, Indicativo) VALUES(296, 'KIRIBATI', 'KI', '686');
INSERT INTO Pais(Id, Nombre, CodigoAlfa, Indicativo) VALUES(414, 'KUWAIT', 'KW', '965');
INSERT INTO Pais(Id, Nombre, CodigoAlfa, Indicativo) VALUES(418, 'LAOS', 'LA', '856');
INSERT INTO Pais(Id, Nombre, CodigoAlfa, Indicativo) VALUES(426, 'LESOTO', 'LS', '266');
INSERT INTO Pais(Id, Nombre, CodigoAlfa, Indicativo) VALUES(428, 'LETONIA', 'LV', '371');
INSERT INTO Pais(Id, Nombre, CodigoAlfa, Indicativo) VALUES(422, 'LëBANO', 'LB', '961');
INSERT INTO Pais(Id, Nombre, CodigoAlfa, Indicativo) VALUES(430, 'LIBERIA', 'LR', '231');
INSERT INTO Pais(Id, Nombre, CodigoAlfa, Indicativo) VALUES(434, 'LIBIA', 'LY', '218');
INSERT INTO Pais(Id, Nombre, CodigoAlfa, Indicativo) VALUES(438, 'LIECHTENSTEIN', 'LI', '423');
INSERT INTO Pais(Id, Nombre, CodigoAlfa, Indicativo) VALUES(440, 'LITUANIA', 'LT', '370');
INSERT INTO Pais(Id, Nombre, CodigoAlfa, Indicativo) VALUES(442, 'LUXEMBURGO', 'LU', '352');
INSERT INTO Pais(Id, Nombre, CodigoAlfa, Indicativo) VALUES(446, 'MACAO', 'MO', '853');
INSERT INTO Pais(Id, Nombre, CodigoAlfa, Indicativo) VALUES(807, 'MACEDONIA', 'MK', '389');
INSERT INTO Pais(Id, Nombre, CodigoAlfa, Indicativo) VALUES(450, 'MADAGASCAR', 'MG', '261');
INSERT INTO Pais(Id, Nombre, CodigoAlfa, Indicativo) VALUES(458, 'MALASIA', 'MY', '60');
INSERT INTO Pais(Id, Nombre, CodigoAlfa, Indicativo) VALUES(454, 'MALAUI', 'MW', '265');
INSERT INTO Pais(Id, Nombre, CodigoAlfa, Indicativo) VALUES(462, 'MALDIVAS', 'MV', '960');
INSERT INTO Pais(Id, Nombre, CodigoAlfa, Indicativo) VALUES(466, 'MALë', 'ML', '223');
INSERT INTO Pais(Id, Nombre, CodigoAlfa, Indicativo) VALUES(470, 'MALTA', 'MT', '356');
INSERT INTO Pais(Id, Nombre, CodigoAlfa, Indicativo) VALUES(504, 'MARRUECOS', 'MA', '212');
INSERT INTO Pais(Id, Nombre, CodigoAlfa, Indicativo) VALUES(474, 'MARTINICA', 'MQ', '596');
INSERT INTO Pais(Id, Nombre, CodigoAlfa, Indicativo) VALUES(480, 'MAURICIO', 'MU', '230');
INSERT INTO Pais(Id, Nombre, CodigoAlfa, Indicativo) VALUES(478, 'MAURITANIA', 'MR', '222');
INSERT INTO Pais(Id, Nombre, CodigoAlfa, Indicativo) VALUES(175, 'MAYOTTE', 'YT', '262');
INSERT INTO Pais(Id, Nombre, CodigoAlfa, Indicativo) VALUES(484, 'MèXICO', 'MX', '52');
INSERT INTO Pais(Id, Nombre, CodigoAlfa, Indicativo) VALUES(583, 'MICRONESIA', 'FM', '691');
INSERT INTO Pais(Id, Nombre, CodigoAlfa, Indicativo) VALUES(498, 'MOLDAVIA', 'MD', '373');
INSERT INTO Pais(Id, Nombre, CodigoAlfa, Indicativo) VALUES(492, 'MÆNACO', 'MC', '377');
INSERT INTO Pais(Id, Nombre, CodigoAlfa, Indicativo) VALUES(496, 'MONGOLIA', 'MN', '976');
INSERT INTO Pais(Id, Nombre, CodigoAlfa, Indicativo) VALUES(499, 'MONTENEGRO', 'ME', '382');
INSERT INTO Pais(Id, Nombre, CodigoAlfa, Indicativo) VALUES(500, 'MONTSERRAT', 'MS', '1');
INSERT INTO Pais(Id, Nombre, CodigoAlfa, Indicativo) VALUES(508, 'MOZAMBIQUE', 'MZ', '258');
INSERT INTO Pais(Id, Nombre, CodigoAlfa, Indicativo) VALUES(104, 'MYANMAR', 'MM', '95');
INSERT INTO Pais(Id, Nombre, CodigoAlfa, Indicativo) VALUES(516, 'NAMIBIA', 'NA', '264');
INSERT INTO Pais(Id, Nombre, CodigoAlfa, Indicativo) VALUES(520, 'NAURU', 'NR', '674');
INSERT INTO Pais(Id, Nombre, CodigoAlfa, Indicativo) VALUES(524, 'NEPAL', 'NP', '977');
INSERT INTO Pais(Id, Nombre, CodigoAlfa, Indicativo) VALUES(558, 'NICARAGUA', 'NI', '505');
INSERT INTO Pais(Id, Nombre, CodigoAlfa, Indicativo) VALUES(562, 'NëGER', 'NE', '227');
INSERT INTO Pais(Id, Nombre, CodigoAlfa, Indicativo) VALUES(566, 'NIGERIA', 'NG', '234');
INSERT INTO Pais(Id, Nombre, CodigoAlfa, Indicativo) VALUES(570, 'NIUE', 'NU', '683');
INSERT INTO Pais(Id, Nombre, CodigoAlfa, Indicativo) VALUES(574, 'NORFOLK', 'NF', '672');
INSERT INTO Pais(Id, Nombre, CodigoAlfa, Indicativo) VALUES(578, 'NORUEGA', 'NO', '47');
INSERT INTO Pais(Id, Nombre, CodigoAlfa, Indicativo) VALUES(540, 'NUEVA CALEDONIA', 'NC', '687');
INSERT INTO Pais(Id, Nombre, CodigoAlfa, Indicativo) VALUES(554, 'NUEVA ZELANDA', 'NZ', '64');
INSERT INTO Pais(Id, Nombre, CodigoAlfa, Indicativo) VALUES(512, 'OMêN', 'OM', '968');
INSERT INTO Pais(Id, Nombre, CodigoAlfa, Indicativo) VALUES(528, 'PAëSES BAJOS', 'NL', '31');
INSERT INTO Pais(Id, Nombre, CodigoAlfa, Indicativo) VALUES(586, 'PAKISTêN', 'PK', '92');
INSERT INTO Pais(Id, Nombre, CodigoAlfa, Indicativo) VALUES(585, 'PALAOS', 'PW', '680');
INSERT INTO Pais(Id, Nombre, CodigoAlfa, Indicativo) VALUES(275, 'PALESTINA', 'PS', '970');
INSERT INTO Pais(Id, Nombre, CodigoAlfa, Indicativo) VALUES(591, 'PANAMê', 'PA', '507');
INSERT INTO Pais(Id, Nombre, CodigoAlfa, Indicativo) VALUES(598, 'PAPÖA NUEVA GUINEA', 'PG', '675');
INSERT INTO Pais(Id, Nombre, CodigoAlfa, Indicativo) VALUES(600, 'PARAGUAY', 'PY', '595');
INSERT INTO Pais(Id, Nombre, CodigoAlfa, Indicativo) VALUES(604, 'PERÖ', 'PE', '51');
INSERT INTO Pais(Id, Nombre, CodigoAlfa, Indicativo) VALUES(258, 'POLINESIA FRANCESA', 'PF', '689');
INSERT INTO Pais(Id, Nombre, CodigoAlfa, Indicativo) VALUES(616, 'POLONIA', 'PL', '48');
INSERT INTO Pais(Id, Nombre, CodigoAlfa, Indicativo) VALUES(620, 'PORTUGAL', 'PT', '351');
INSERT INTO Pais(Id, Nombre, CodigoAlfa, Indicativo) VALUES(630, 'PUERTO RICO', 'PR', '1');
INSERT INTO Pais(Id, Nombre, CodigoAlfa, Indicativo) VALUES(826, 'REINO UNIDO', 'GB', '44');
INSERT INTO Pais(Id, Nombre, CodigoAlfa, Indicativo) VALUES(732, 'REPÖBLICA êRABE SAHARAUI DEMOCRêTICA', 'EH', '212');
INSERT INTO Pais(Id, Nombre, CodigoAlfa, Indicativo) VALUES(140, 'REPÖBLICA CENTROAFRICANA', 'CF', '236');
INSERT INTO Pais(Id, Nombre, CodigoAlfa, Indicativo) VALUES(203, 'REPÖBLICA CHECA', 'CZ', '420');
INSERT INTO Pais(Id, Nombre, CodigoAlfa, Indicativo) VALUES(178, 'REPÖBLICA DEL CONGO', 'CG', '242');
INSERT INTO Pais(Id, Nombre, CodigoAlfa, Indicativo) VALUES(180, 'REPÖBLICA DEMOCRêTICA DEL CONGO', 'CD', '243');
INSERT INTO Pais(Id, Nombre, CodigoAlfa, Indicativo) VALUES(214, 'REPÖBLICA DOMINICANA', 'DO', '1');
INSERT INTO Pais(Id, Nombre, CodigoAlfa, Indicativo) VALUES(638, 'REUNIÆN', 'RE', '262');
INSERT INTO Pais(Id, Nombre, CodigoAlfa, Indicativo) VALUES(646, 'RUANDA', 'RW', '250');
INSERT INTO Pais(Id, Nombre, CodigoAlfa, Indicativo) VALUES(642, 'RUMANIA', 'RO', '40');
INSERT INTO Pais(Id, Nombre, CodigoAlfa, Indicativo) VALUES(643, 'RUSIA', 'RU', '7');
INSERT INTO Pais(Id, Nombre, CodigoAlfa, Indicativo) VALUES(882, 'SAMOA', 'WS', '685');
INSERT INTO Pais(Id, Nombre, CodigoAlfa, Indicativo) VALUES(016, 'SAMOA AMERICANA', 'AS', '1');
INSERT INTO Pais(Id, Nombre, CodigoAlfa, Indicativo) VALUES(652, 'SAN BARTOLOMè', 'BL', '590');
INSERT INTO Pais(Id, Nombre, CodigoAlfa, Indicativo) VALUES(659, 'SAN CRISTÆBAL Y NIEVES', 'KN', '1');
INSERT INTO Pais(Id, Nombre, CodigoAlfa, Indicativo) VALUES(674, 'SAN MARINO', 'SM', '378');
INSERT INTO Pais(Id, Nombre, CodigoAlfa, Indicativo) VALUES(663, 'SAN MARTëN', 'MF', '590');
INSERT INTO Pais(Id, Nombre, CodigoAlfa, Indicativo) VALUES(666, 'SAN PEDRO Y MIQUELÆN', 'PM', '508');
INSERT INTO Pais(Id, Nombre, CodigoAlfa, Indicativo) VALUES(670, 'SAN VICENTE Y LAS GRANADINAS', 'VC', '1');
INSERT INTO Pais(Id, Nombre, CodigoAlfa, Indicativo) VALUES(654, 'SANTA ELENA, ASCENSIÆN Y TRISTêN DE ACUîA', 'SH', '290');
INSERT INTO Pais(Id, Nombre, CodigoAlfa, Indicativo) VALUES(662, 'SANTA LUCëA', 'LC', '1');
INSERT INTO Pais(Id, Nombre, CodigoAlfa, Indicativo) VALUES(678, 'SANTO TOMè Y PRëNCIPE', 'ST', '239');
INSERT INTO Pais(Id, Nombre, CodigoAlfa, Indicativo) VALUES(686, 'SENEGAL', 'SN', '221');
INSERT INTO Pais(Id, Nombre, CodigoAlfa, Indicativo) VALUES(688, 'SERBIA', 'RS', '381');
INSERT INTO Pais(Id, Nombre, CodigoAlfa, Indicativo) VALUES(690, 'SEYCHELLES', 'SC', '248');
INSERT INTO Pais(Id, Nombre, CodigoAlfa, Indicativo) VALUES(694, 'SIERRA LEONA', 'SL', '232');
INSERT INTO Pais(Id, Nombre, CodigoAlfa, Indicativo) VALUES(702, 'SINGAPUR', 'SG', '65');
INSERT INTO Pais(Id, Nombre, CodigoAlfa, Indicativo) VALUES(534, 'SINT MAARTEN', 'SX', '1');
INSERT INTO Pais(Id, Nombre, CodigoAlfa, Indicativo) VALUES(760, 'SIRIA', 'SY', '963');
INSERT INTO Pais(Id, Nombre, CodigoAlfa, Indicativo) VALUES(706, 'SOMALIA', 'SO', '252');
INSERT INTO Pais(Id, Nombre, CodigoAlfa, Indicativo) VALUES(144, 'SRI LANKA', 'LK', '94');
INSERT INTO Pais(Id, Nombre, CodigoAlfa, Indicativo) VALUES(748, 'SUAZILANDIA', 'SZ', '268');
INSERT INTO Pais(Id, Nombre, CodigoAlfa, Indicativo) VALUES(710, 'SUDêFRICA', 'ZA', '27');
INSERT INTO Pais(Id, Nombre, CodigoAlfa, Indicativo) VALUES(729, 'SUDêN', 'SD', '249');
INSERT INTO Pais(Id, Nombre, CodigoAlfa, Indicativo) VALUES(728, 'SUDêN DEL SUR', 'SS', '211');
INSERT INTO Pais(Id, Nombre, CodigoAlfa, Indicativo) VALUES(752, 'SUECIA', 'SE', '46');
INSERT INTO Pais(Id, Nombre, CodigoAlfa, Indicativo) VALUES(756, 'SUIZA', 'CH', '41');
INSERT INTO Pais(Id, Nombre, CodigoAlfa, Indicativo) VALUES(740, 'SURINAM', 'SR', '597');
INSERT INTO Pais(Id, Nombre, CodigoAlfa, Indicativo) VALUES(744, 'SVALBARD Y JAN MAYEN', 'SJ', '47');
INSERT INTO Pais(Id, Nombre, CodigoAlfa, Indicativo) VALUES(764, 'TAILANDIA', 'TH', '66');
INSERT INTO Pais(Id, Nombre, CodigoAlfa, Indicativo) VALUES(158, 'TAIWêN (REPÖBLICA DE CHINA)', 'TW', '886');
INSERT INTO Pais(Id, Nombre, CodigoAlfa, Indicativo) VALUES(834, 'TANZANIA', 'TZ', '255');
INSERT INTO Pais(Id, Nombre, CodigoAlfa, Indicativo) VALUES(762, 'TAYIKISTêN', 'TJ', '992');
INSERT INTO Pais(Id, Nombre, CodigoAlfa, Indicativo) VALUES(086, 'TERRITORIO BRITêNICO DEL OCèANO ëNDICO', 'IO', '246');
INSERT INTO Pais(Id, Nombre, CodigoAlfa, Indicativo) VALUES(260, 'TIERRAS AUSTRALES Y ANTêRTICAS FRANCESAS', 'TF', '262');
INSERT INTO Pais(Id, Nombre, CodigoAlfa, Indicativo) VALUES(626, 'TIMOR ORIENTAL', 'TL', '670');
INSERT INTO Pais(Id, Nombre, CodigoAlfa, Indicativo) VALUES(768, 'TOGO', 'TG', '228');
INSERT INTO Pais(Id, Nombre, CodigoAlfa, Indicativo) VALUES(772, 'TOKELAU', 'TK', '690');
INSERT INTO Pais(Id, Nombre, CodigoAlfa, Indicativo) VALUES(776, 'TONGA', 'TO', '676');
INSERT INTO Pais(Id, Nombre, CodigoAlfa, Indicativo) VALUES(780, 'TRINIDAD Y TOBAGO', 'TT', '1');
INSERT INTO Pais(Id, Nombre, CodigoAlfa, Indicativo) VALUES(788, 'TÖNEZ', 'TN', '216');
INSERT INTO Pais(Id, Nombre, CodigoAlfa, Indicativo) VALUES(795, 'TURKMENISTêN', 'TM', '993');
INSERT INTO Pais(Id, Nombre, CodigoAlfa, Indicativo) VALUES(792, 'TURQUëA', 'TR', '90');
INSERT INTO Pais(Id, Nombre, CodigoAlfa, Indicativo) VALUES(798, 'TUVALU', 'TV', '688');
INSERT INTO Pais(Id, Nombre, CodigoAlfa, Indicativo) VALUES(804, 'UCRANIA', 'UA', '380');
INSERT INTO Pais(Id, Nombre, CodigoAlfa, Indicativo) VALUES(800, 'UGANDA', 'UG', '256');
INSERT INTO Pais(Id, Nombre, CodigoAlfa, Indicativo) VALUES(858, 'URUGUAY', 'UY', '598');
INSERT INTO Pais(Id, Nombre, CodigoAlfa, Indicativo) VALUES(860, 'UZBEKISTêN', 'UZ', '998');
INSERT INTO Pais(Id, Nombre, CodigoAlfa, Indicativo) VALUES(548, 'VANUATU', 'VU', '678');
INSERT INTO Pais(Id, Nombre, CodigoAlfa, Indicativo) VALUES(336, 'VATICANO, CIUDAD DEL', 'VA', '39');
INSERT INTO Pais(Id, Nombre, CodigoAlfa, Indicativo) VALUES(862, 'VENEZUELA', 'VE', '58');
INSERT INTO Pais(Id, Nombre, CodigoAlfa, Indicativo) VALUES(704, 'VIETNAM', 'VN', '84');
INSERT INTO Pais(Id, Nombre, CodigoAlfa, Indicativo) VALUES(876, 'WALLIS Y FUTUNA', 'WF', '681');
INSERT INTO Pais(Id, Nombre, CodigoAlfa, Indicativo) VALUES(887, 'YEMEN', 'YE', '967');
INSERT INTO Pais(Id, Nombre, CodigoAlfa, Indicativo) VALUES(262, 'YIBUTI', 'DJ', '253');
INSERT INTO Pais(Id, Nombre, CodigoAlfa, Indicativo) VALUES(894, 'ZAMBIA', 'ZM', '260');
INSERT INTO Pais(Id, Nombre, CodigoAlfa, Indicativo) VALUES(716, 'ZIMBABUE', 'ZW', '263');
SET IDENTITY_INSERT Pais OFF

SET IDENTITY_INSERT Region ON
INSERT INTO Region(Id, Nombre, Codigo, IdPais) VALUES(91 , 'Amazonas ', 'AMA', 170);
INSERT INTO Region(Id, Nombre, Codigo, IdPais) VALUES(05 , 'Antioquia ', 'ANT', 170);
INSERT INTO Region(Id, Nombre, Codigo, IdPais) VALUES(81 , 'Arauca ', 'ARA', 170);
INSERT INTO Region(Id, Nombre, Codigo, IdPais) VALUES(08 , 'AtlÃntico ', 'ATL', 170);
INSERT INTO Region(Id, Nombre, Codigo, IdPais) VALUES(11 , 'BogotÃ ', 'DC ', 170);
INSERT INTO Region(Id, Nombre, Codigo, IdPais) VALUES(13 , 'BolÚvar ', 'BOL', 170);
INSERT INTO Region(Id, Nombre, Codigo, IdPais) VALUES(15 , 'BoyacÃ ', 'BOY', 170);
INSERT INTO Region(Id, Nombre, Codigo, IdPais) VALUES(17 , 'Caldas ', 'CAL', 170);
INSERT INTO Region(Id, Nombre, Codigo, IdPais) VALUES(18 , 'CaquetÃ ', 'CAQ', 170);
INSERT INTO Region(Id, Nombre, Codigo, IdPais) VALUES(85 , 'Casanare ', 'CAS', 170);
INSERT INTO Region(Id, Nombre, Codigo, IdPais) VALUES(19 , 'Cauca ', 'CAU', 170);
INSERT INTO Region(Id, Nombre, Codigo, IdPais) VALUES(20 , 'Cesar ', 'CES', 170);
INSERT INTO Region(Id, Nombre, Codigo, IdPais) VALUES(27 , 'Chocµ ', 'CHO', 170);
INSERT INTO Region(Id, Nombre, Codigo, IdPais) VALUES(23 , 'Cµrdoba ', 'COR', 170);
INSERT INTO Region(Id, Nombre, Codigo, IdPais) VALUES(25 , 'Cundinamarca', 'CUN', 170);
INSERT INTO Region(Id, Nombre, Codigo, IdPais) VALUES(94 , 'GuainÚa ', 'GUA', 170);
INSERT INTO Region(Id, Nombre, Codigo, IdPais) VALUES(95, 'Guaviare ', 'GUV', 170);
INSERT INTO Region(Id, Nombre, Codigo, IdPais) VALUES(41, 'Huila ', 'HUI', 170);
INSERT INTO Region(Id, Nombre, Codigo, IdPais) VALUES(44, 'La Guajira ', 'LAG', 170);
INSERT INTO Region(Id, Nombre, Codigo, IdPais) VALUES(47, 'Magdalena ', 'MAG', 170);
INSERT INTO Region(Id, Nombre, Codigo, IdPais) VALUES(50, 'Meta ', 'MET', 170);
INSERT INTO Region(Id, Nombre, Codigo, IdPais) VALUES(52, 'Nariþo ', 'NAR', 170);
INSERT INTO Region(Id, Nombre, Codigo, IdPais) VALUES(54, 'Norte de Santander ', 'NSA', 170);
INSERT INTO Region(Id, Nombre, Codigo, IdPais) VALUES(86, 'Putumayo ', 'PUT', 170);
INSERT INTO Region(Id, Nombre, Codigo, IdPais) VALUES(63, 'QuindÚo ', 'QUI', 170);
INSERT INTO Region(Id, Nombre, Codigo, IdPais) VALUES(66, 'Risaralda ', 'RIS', 170);
INSERT INTO Region(Id, Nombre, Codigo, IdPais) VALUES(88, 'San AndrÕs y Providencia ', 'SAP', 170);
INSERT INTO Region(Id, Nombre, Codigo, IdPais) VALUES(68, 'Santander ', 'SAN', 170);
INSERT INTO Region(Id, Nombre, Codigo, IdPais) VALUES(70, 'Sucre ', 'SUC', 170);
INSERT INTO Region(Id, Nombre, Codigo, IdPais) VALUES(73, 'Tolima ', 'TOL', 170);
INSERT INTO Region(Id, Nombre, Codigo, IdPais) VALUES(76, 'Valle del Cauca ', 'VAC', 170);
INSERT INTO Region(Id, Nombre, Codigo, IdPais) VALUES(97, 'VaupÕs ', 'VAU', 170);
INSERT INTO Region(Id, Nombre, Codigo, IdPais) VALUES(99, 'Vichada ', 'VID', 170);
SET IDENTITY_INSERT Region OFF

SET IDENTITY_INSERT Ciudad ON
INSERT INTO Ciudad(Id, Nombre, IdRegion) VALUES(05001, 'MEDELLëN', 05);
INSERT INTO Ciudad(Id, Nombre, IdRegion) VALUES(05002, 'ABEJORRAL', 05);
INSERT INTO Ciudad(Id, Nombre, IdRegion) VALUES(05004, 'ABRIAQUë', 05);
INSERT INTO Ciudad(Id, Nombre, IdRegion) VALUES(05021, 'ALEJANDRëA', 05);
INSERT INTO Ciudad(Id, Nombre, IdRegion) VALUES(05030, 'AMAGê', 05);
INSERT INTO Ciudad(Id, Nombre, IdRegion) VALUES(05031, 'AMALFI', 05);
INSERT INTO Ciudad(Id, Nombre, IdRegion) VALUES(05034, 'ANDES', 05);
INSERT INTO Ciudad(Id, Nombre, IdRegion) VALUES(05036, 'ANGELÆPOLIS', 05);
INSERT INTO Ciudad(Id, Nombre, IdRegion) VALUES(05038, 'ANGOSTURA', 05);
INSERT INTO Ciudad(Id, Nombre, IdRegion) VALUES(05040, 'ANORë', 05);
INSERT INTO Ciudad(Id, Nombre, IdRegion) VALUES(05042, 'SANTA Fè DE ANTIOQUIA', 05);
INSERT INTO Ciudad(Id, Nombre, IdRegion) VALUES(05044, 'ANZê', 05);
INSERT INTO Ciudad(Id, Nombre, IdRegion) VALUES(05045, 'APARTADÆ', 05);
INSERT INTO Ciudad(Id, Nombre, IdRegion) VALUES(05051, 'ARBOLETES', 05);
INSERT INTO Ciudad(Id, Nombre, IdRegion) VALUES(05055, 'ARGELIA ', 05);
INSERT INTO Ciudad(Id, Nombre, IdRegion) VALUES(05059, 'ARMENIA ', 05);
INSERT INTO Ciudad(Id, Nombre, IdRegion) VALUES(05079, 'BARBOSA ', 05);
INSERT INTO Ciudad(Id, Nombre, IdRegion) VALUES(05086, 'BELMIRA ', 05);
INSERT INTO Ciudad(Id, Nombre, IdRegion) VALUES(05088, 'BELLO ', 05);
INSERT INTO Ciudad(Id, Nombre, IdRegion) VALUES(05091, 'BETANIA ', 05);
INSERT INTO Ciudad(Id, Nombre, IdRegion) VALUES(05093, 'BETULIA ', 05);
INSERT INTO Ciudad(Id, Nombre, IdRegion) VALUES(05101, 'CIUDAD BOLëVAR ', 05);
INSERT INTO Ciudad(Id, Nombre, IdRegion) VALUES(05107, 'BRICEîO ', 05);
INSERT INTO Ciudad(Id, Nombre, IdRegion) VALUES(05113, 'BURITICê ', 05);
INSERT INTO Ciudad(Id, Nombre, IdRegion) VALUES(05120, 'CêCERES', 05);
INSERT INTO Ciudad(Id, Nombre, IdRegion) VALUES(05125, 'CAICEDO', 05);
INSERT INTO Ciudad(Id, Nombre, IdRegion) VALUES(05129, 'CALDAS', 05);
INSERT INTO Ciudad(Id, Nombre, IdRegion) VALUES(05134, 'CAMPAMENTO', 05);
INSERT INTO Ciudad(Id, Nombre, IdRegion) VALUES(05138, 'CAîASGORDAS', 05);
INSERT INTO Ciudad(Id, Nombre, IdRegion) VALUES(05142, 'CARACOLë', 05);
INSERT INTO Ciudad(Id, Nombre, IdRegion) VALUES(05145, 'CARAMANTA', 05);
INSERT INTO Ciudad(Id, Nombre, IdRegion) VALUES(05147, 'CAREPA', 05);
INSERT INTO Ciudad(Id, Nombre, IdRegion) VALUES(05148, 'EL CARMEN DE VIBORAL', 05);
INSERT INTO Ciudad(Id, Nombre, IdRegion) VALUES(05150, 'CAROLINA', 05);
INSERT INTO Ciudad(Id, Nombre, IdRegion) VALUES(05154, 'CAUCASIA', 05);
INSERT INTO Ciudad(Id, Nombre, IdRegion) VALUES(05172, 'CHIGORODÆ', 05);
INSERT INTO Ciudad(Id, Nombre, IdRegion) VALUES(05190, 'CISNEROS', 05);
INSERT INTO Ciudad(Id, Nombre, IdRegion) VALUES(05197, 'COCORNê', 05);
INSERT INTO Ciudad(Id, Nombre, IdRegion) VALUES(05206, 'CONCEPCIÆN', 05);
INSERT INTO Ciudad(Id, Nombre, IdRegion) VALUES(05209, 'CONCORDIA', 05);
INSERT INTO Ciudad(Id, Nombre, IdRegion) VALUES(05212, 'COPACABANA', 05);
INSERT INTO Ciudad(Id, Nombre, IdRegion) VALUES(05234, 'DABEIBA', 05);
INSERT INTO Ciudad(Id, Nombre, IdRegion) VALUES(05237, 'DONMATëAS', 05);
INSERT INTO Ciudad(Id, Nombre, IdRegion) VALUES(05240, 'EBèJICO', 05);
INSERT INTO Ciudad(Id, Nombre, IdRegion) VALUES(05250, 'EL BAGRE ', 05);
INSERT INTO Ciudad(Id, Nombre, IdRegion) VALUES(05264, 'ENTRERRëOS ', 05);
INSERT INTO Ciudad(Id, Nombre, IdRegion) VALUES(05266, 'ENVIGADO ', 05);
INSERT INTO Ciudad(Id, Nombre, IdRegion) VALUES(05282, 'FREDONIA ', 05);
INSERT INTO Ciudad(Id, Nombre, IdRegion) VALUES(05284, 'FRONTINO ', 05);
INSERT INTO Ciudad(Id, Nombre, IdRegion) VALUES(05306, 'GIRALDO ', 05);
INSERT INTO Ciudad(Id, Nombre, IdRegion) VALUES(05308, 'GIRARDOTA ', 05);
INSERT INTO Ciudad(Id, Nombre, IdRegion) VALUES(05310, 'GÆMEZ PLATA ', 05);
INSERT INTO Ciudad(Id, Nombre, IdRegion) VALUES(05313, 'GRANADA ', 05);
INSERT INTO Ciudad(Id, Nombre, IdRegion) VALUES(05315, 'GUADALUPE ', 05);
INSERT INTO Ciudad(Id, Nombre, IdRegion) VALUES(05318, 'GUARNE ', 05);
INSERT INTO Ciudad(Id, Nombre, IdRegion) VALUES(05321, 'GUATAPè ', 05);
INSERT INTO Ciudad(Id, Nombre, IdRegion) VALUES(05347, 'HELICONIA ', 05);
INSERT INTO Ciudad(Id, Nombre, IdRegion) VALUES(05353, 'HISPANIA ', 05);
INSERT INTO Ciudad(Id, Nombre, IdRegion) VALUES(05360, 'ITAGÉë ', 05);
INSERT INTO Ciudad(Id, Nombre, IdRegion) VALUES(05361, 'ITUANGO ', 05);
INSERT INTO Ciudad(Id, Nombre, IdRegion) VALUES(05364, 'JARDëN ', 05);
INSERT INTO Ciudad(Id, Nombre, IdRegion) VALUES(05368, 'JERICÆ ', 05);
INSERT INTO Ciudad(Id, Nombre, IdRegion) VALUES(05376, 'LA CEJA ', 05);
INSERT INTO Ciudad(Id, Nombre, IdRegion) VALUES(05380, 'LA ESTRELLA ', 05);
INSERT INTO Ciudad(Id, Nombre, IdRegion) VALUES(05390, 'LA PINTADA ', 05);
INSERT INTO Ciudad(Id, Nombre, IdRegion) VALUES(05400, 'LA UNIÆN ', 05);
INSERT INTO Ciudad(Id, Nombre, IdRegion) VALUES(05411, 'LIBORINA ', 05);
INSERT INTO Ciudad(Id, Nombre, IdRegion) VALUES(05425, 'MACEO ', 05);
INSERT INTO Ciudad(Id, Nombre, IdRegion) VALUES(05440, 'MARINILLA ', 05);
INSERT INTO Ciudad(Id, Nombre, IdRegion) VALUES(05467, 'MONTEBELLO ', 05);
INSERT INTO Ciudad(Id, Nombre, IdRegion) VALUES(05475, 'MURINDÆ ', 05);
INSERT INTO Ciudad(Id, Nombre, IdRegion) VALUES(05480, 'MUTATê ', 05);
INSERT INTO Ciudad(Id, Nombre, IdRegion) VALUES(05483, 'NARIîO ', 05);
INSERT INTO Ciudad(Id, Nombre, IdRegion) VALUES(05490, 'NECOCLë ', 05);
INSERT INTO Ciudad(Id, Nombre, IdRegion) VALUES(05495, 'NECHë ', 05);
INSERT INTO Ciudad(Id, Nombre, IdRegion) VALUES(05501, 'OLAYA ', 05);
INSERT INTO Ciudad(Id, Nombre, IdRegion) VALUES(05541, 'PEîOL ', 05);
INSERT INTO Ciudad(Id, Nombre, IdRegion) VALUES(05543, 'PEQUE ', 05);
INSERT INTO Ciudad(Id, Nombre, IdRegion) VALUES(05576, 'PUEBLORRICO ', 05);
INSERT INTO Ciudad(Id, Nombre, IdRegion) VALUES(05579, 'PUERTO BERRëO ', 05);
INSERT INTO Ciudad(Id, Nombre, IdRegion) VALUES(05585, 'PUERTO NARE ', 05);
INSERT INTO Ciudad(Id, Nombre, IdRegion) VALUES(05591, 'PUERTO TRIUNFO ', 05);
INSERT INTO Ciudad(Id, Nombre, IdRegion) VALUES(05604, 'REMEDIOS ', 05);
INSERT INTO Ciudad(Id, Nombre, IdRegion) VALUES(05607, 'RETIRO ', 05);
INSERT INTO Ciudad(Id, Nombre, IdRegion) VALUES(05615, 'RIONEGRO ', 05);
INSERT INTO Ciudad(Id, Nombre, IdRegion) VALUES(05628, 'SABANALARGA ', 05);
INSERT INTO Ciudad(Id, Nombre, IdRegion) VALUES(05631, 'SABANETA ', 05);
INSERT INTO Ciudad(Id, Nombre, IdRegion) VALUES(05642, 'SALGAR ', 05);
INSERT INTO Ciudad(Id, Nombre, IdRegion) VALUES(05647, 'SAN ANDRèS DE CUERQUëA ', 05);
INSERT INTO Ciudad(Id, Nombre, IdRegion) VALUES(05649, 'SAN CARLOS ', 05);
INSERT INTO Ciudad(Id, Nombre, IdRegion) VALUES(05652, 'SAN FRANCISCO ', 05);
INSERT INTO Ciudad(Id, Nombre, IdRegion) VALUES(05656, 'SAN JERÆNIMO ', 05);
INSERT INTO Ciudad(Id, Nombre, IdRegion) VALUES(05658, 'SAN JOSè DE LA MONTAîA ', 05);
INSERT INTO Ciudad(Id, Nombre, IdRegion) VALUES(05659, 'SAN JUAN DE URABê ', 05);
INSERT INTO Ciudad(Id, Nombre, IdRegion) VALUES(05660, 'SAN LUIS ', 05);
INSERT INTO Ciudad(Id, Nombre, IdRegion) VALUES(05664, 'SAN PEDRO DE LOS MILAGROS ', 05);
INSERT INTO Ciudad(Id, Nombre, IdRegion) VALUES(05665, 'SAN PEDRO DE URABê ', 05);
INSERT INTO Ciudad(Id, Nombre, IdRegion) VALUES(05667, 'SAN RAFAEL ', 05);
INSERT INTO Ciudad(Id, Nombre, IdRegion) VALUES(05670, 'SAN ROQUE ', 05);
INSERT INTO Ciudad(Id, Nombre, IdRegion) VALUES(05674, 'SAN VICENTE FERRER ', 05);
INSERT INTO Ciudad(Id, Nombre, IdRegion) VALUES(05679, 'SANTA BêRBARA ', 05);
INSERT INTO Ciudad(Id, Nombre, IdRegion) VALUES(05686, 'SANTA ROSA DE OSOS ', 05);
INSERT INTO Ciudad(Id, Nombre, IdRegion) VALUES(05690, 'SANTO DOMINGO ', 05);
INSERT INTO Ciudad(Id, Nombre, IdRegion) VALUES(05697, 'EL SANTUARIO ', 05);
INSERT INTO Ciudad(Id, Nombre, IdRegion) VALUES(05736, 'SEGOVIA ', 05);
INSERT INTO Ciudad(Id, Nombre, IdRegion) VALUES(05756, 'SONSÆN ', 05);
INSERT INTO Ciudad(Id, Nombre, IdRegion) VALUES(05761, 'SOPETRêN ', 05);
INSERT INTO Ciudad(Id, Nombre, IdRegion) VALUES(05789, 'TêMESIS ', 05);
INSERT INTO Ciudad(Id, Nombre, IdRegion) VALUES(05790, 'TARAZê ', 05);
INSERT INTO Ciudad(Id, Nombre, IdRegion) VALUES(05792, 'TARSO ', 05);
INSERT INTO Ciudad(Id, Nombre, IdRegion) VALUES(05809, 'TITIRIBë ', 05);
INSERT INTO Ciudad(Id, Nombre, IdRegion) VALUES(05819, 'TOLEDO ', 05);
INSERT INTO Ciudad(Id, Nombre, IdRegion) VALUES(05837, 'TURBO ', 05);
INSERT INTO Ciudad(Id, Nombre, IdRegion) VALUES(05842, 'URAMITA ', 05);
INSERT INTO Ciudad(Id, Nombre, IdRegion) VALUES(05847, 'URRAO ', 05);
INSERT INTO Ciudad(Id, Nombre, IdRegion) VALUES(05854, 'VALDIVIA ', 05);
INSERT INTO Ciudad(Id, Nombre, IdRegion) VALUES(05856, 'VALPARAëSO ', 05);
INSERT INTO Ciudad(Id, Nombre, IdRegion) VALUES(05858, 'VEGACHë ', 05);
INSERT INTO Ciudad(Id, Nombre, IdRegion) VALUES(05861, 'VENECIA ', 05);
INSERT INTO Ciudad(Id, Nombre, IdRegion) VALUES(05873, 'VIGëA DEL FUERTE ', 05);
INSERT INTO Ciudad(Id, Nombre, IdRegion) VALUES(05885, 'YALë ', 05);
INSERT INTO Ciudad(Id, Nombre, IdRegion) VALUES(05887, 'YARUMAL ', 05);
INSERT INTO Ciudad(Id, Nombre, IdRegion) VALUES(05890, 'YOLOMBÆ ', 05);
INSERT INTO Ciudad(Id, Nombre, IdRegion) VALUES(05893, 'YONDÆ ', 05);
INSERT INTO Ciudad(Id, Nombre, IdRegion) VALUES(05895, 'ZARAGOZA ', 05);
INSERT INTO Ciudad(Id, Nombre, IdRegion) VALUES(08001, 'BARRANQUILLA ', 08);
INSERT INTO Ciudad(Id, Nombre, IdRegion) VALUES(08078, 'BARANOA ', 08);
INSERT INTO Ciudad(Id, Nombre, IdRegion) VALUES(08137, 'CAMPO DE LA CRUZ ', 08);
INSERT INTO Ciudad(Id, Nombre, IdRegion) VALUES(08141, 'CANDELARIA ', 08);
INSERT INTO Ciudad(Id, Nombre, IdRegion) VALUES(08296, 'GALAPA ', 08);
INSERT INTO Ciudad(Id, Nombre, IdRegion) VALUES(08372, 'JUAN DE ACOSTA ', 08);
INSERT INTO Ciudad(Id, Nombre, IdRegion) VALUES(08421, 'LURUACO ', 08);
INSERT INTO Ciudad(Id, Nombre, IdRegion) VALUES(08433, 'MALAMBO ', 08);
INSERT INTO Ciudad(Id, Nombre, IdRegion) VALUES(08436, 'MANATë ', 08);
INSERT INTO Ciudad(Id, Nombre, IdRegion) VALUES(08520, 'PALMAR DE VARELA ', 08);
INSERT INTO Ciudad(Id, Nombre, IdRegion) VALUES(08549, 'PIOJÆ ', 08);
INSERT INTO Ciudad(Id, Nombre, IdRegion) VALUES(08558, 'POLONUEVO ', 08);
INSERT INTO Ciudad(Id, Nombre, IdRegion) VALUES(08560, 'PONEDERA ', 08);
INSERT INTO Ciudad(Id, Nombre, IdRegion) VALUES(08573, 'PUERTO COLOMBIA ', 08);
INSERT INTO Ciudad(Id, Nombre, IdRegion) VALUES(08606, 'REPELÆN ', 08);
INSERT INTO Ciudad(Id, Nombre, IdRegion) VALUES(08634, 'SABANAGRANDE ', 08);
INSERT INTO Ciudad(Id, Nombre, IdRegion) VALUES(08638, 'SABANALARGA ', 08);
INSERT INTO Ciudad(Id, Nombre, IdRegion) VALUES(08675, 'SANTA LUCëA ', 08);
INSERT INTO Ciudad(Id, Nombre, IdRegion) VALUES(08685, 'SANTO TOMêS ', 08);
INSERT INTO Ciudad(Id, Nombre, IdRegion) VALUES(08758, 'SOLEDAD ', 08);
INSERT INTO Ciudad(Id, Nombre, IdRegion) VALUES(08770, 'SUAN ', 08);
INSERT INTO Ciudad(Id, Nombre, IdRegion) VALUES(08832, 'TUBARê ', 08);
INSERT INTO Ciudad(Id, Nombre, IdRegion) VALUES(08849, 'USIACURë ', 08);
INSERT INTO Ciudad(Id, Nombre, IdRegion) VALUES(11001, 'BOGOTê, D.C. ', 11);
INSERT INTO Ciudad(Id, Nombre, IdRegion) VALUES(13001, 'CARTAGENA DE INDIAS ', 13);
INSERT INTO Ciudad(Id, Nombre, IdRegion) VALUES(13006, 'ACHë ', 13);
INSERT INTO Ciudad(Id, Nombre, IdRegion) VALUES(13030, 'ALTOS DEL ROSARIO ', 13);
INSERT INTO Ciudad(Id, Nombre, IdRegion) VALUES(13042, 'ARENAL ', 13);
INSERT INTO Ciudad(Id, Nombre, IdRegion) VALUES(13052, 'ARJONA ', 13);
INSERT INTO Ciudad(Id, Nombre, IdRegion) VALUES(13062, 'ARROYOHONDO ', 13);
INSERT INTO Ciudad(Id, Nombre, IdRegion) VALUES(13074, 'BARRANCO DE LOBA ', 13);
INSERT INTO Ciudad(Id, Nombre, IdRegion) VALUES(13140, 'CALAMAR ', 13);
INSERT INTO Ciudad(Id, Nombre, IdRegion) VALUES(13160, 'CANTAGALLO ', 13);
INSERT INTO Ciudad(Id, Nombre, IdRegion) VALUES(13188, 'CICUCO ', 13);
INSERT INTO Ciudad(Id, Nombre, IdRegion) VALUES(13212, 'CÆRDOBA ', 13);
INSERT INTO Ciudad(Id, Nombre, IdRegion) VALUES(13222, 'CLEMENCIA ', 13);
INSERT INTO Ciudad(Id, Nombre, IdRegion) VALUES(13244, 'EL CARMEN DE', 13);
INSERT INTO Ciudad(Id, Nombre, IdRegion) VALUES(13248, 'EL GUAMO ', 13);
INSERT INTO Ciudad(Id, Nombre, IdRegion) VALUES(13268, 'EL PEîÆN ', 13);
INSERT INTO Ciudad(Id, Nombre, IdRegion) VALUES(13300, 'HATILLO DE LOBA ', 13);
INSERT INTO Ciudad(Id, Nombre, IdRegion) VALUES(13430, 'MAGANGUè ', 13);
INSERT INTO Ciudad(Id, Nombre, IdRegion) VALUES(13433, 'MAHATES ', 13);
INSERT INTO Ciudad(Id, Nombre, IdRegion) VALUES(13440, 'MARGARITA ', 13);
INSERT INTO Ciudad(Id, Nombre, IdRegion) VALUES(13442, 'MARëA LA BAJA ', 13);
INSERT INTO Ciudad(Id, Nombre, IdRegion) VALUES(13458, 'MONTECRISTO ', 13);
INSERT INTO Ciudad(Id, Nombre, IdRegion) VALUES(13468, 'MOMPÆS ', 13);
INSERT INTO Ciudad(Id, Nombre, IdRegion) VALUES(13473, 'MORALES ', 13);
INSERT INTO Ciudad(Id, Nombre, IdRegion) VALUES(13490, 'NOROSë ', 13);
INSERT INTO Ciudad(Id, Nombre, IdRegion) VALUES(13549, 'PINILLOS ', 13);
INSERT INTO Ciudad(Id, Nombre, IdRegion) VALUES(13580, 'REGIDOR ', 13);
INSERT INTO Ciudad(Id, Nombre, IdRegion) VALUES(13600, 'RëO VIEJO ', 13);
INSERT INTO Ciudad(Id, Nombre, IdRegion) VALUES(13620, 'SAN CRISTÆBAL ', 13);
INSERT INTO Ciudad(Id, Nombre, IdRegion) VALUES(13647, 'SAN ESTANISLAO ', 13);
INSERT INTO Ciudad(Id, Nombre, IdRegion) VALUES(13650, 'SAN FERNANDO ', 13);
INSERT INTO Ciudad(Id, Nombre, IdRegion) VALUES(13654, 'SAN JACINTO ', 13);
INSERT INTO Ciudad(Id, Nombre, IdRegion) VALUES(13655, 'SAN JACINTO DEL CAUCA ', 13);
INSERT INTO Ciudad(Id, Nombre, IdRegion) VALUES(13657, 'SAN JUAN NEPOMUCENO ', 13);
INSERT INTO Ciudad(Id, Nombre, IdRegion) VALUES(13667, 'SAN MARTëN DE LOBA ', 13);
INSERT INTO Ciudad(Id, Nombre, IdRegion) VALUES(13670, 'SAN PABLO SUR ', 13);
INSERT INTO Ciudad(Id, Nombre, IdRegion) VALUES(13673, 'SANTA CATALINA ', 13);
INSERT INTO Ciudad(Id, Nombre, IdRegion) VALUES(13683, 'SANTA ROSA DE LIMA ', 13);
INSERT INTO Ciudad(Id, Nombre, IdRegion) VALUES(13688, 'SANTA ROSA DEL SUR ', 13);
INSERT INTO Ciudad(Id, Nombre, IdRegion) VALUES(13744, 'SIMITë ', 13);
INSERT INTO Ciudad(Id, Nombre, IdRegion) VALUES(13760, 'SOPLAVIENTO ', 13);
INSERT INTO Ciudad(Id, Nombre, IdRegion) VALUES(13780, 'TALAIGUA NUEVO ', 13);
INSERT INTO Ciudad(Id, Nombre, IdRegion) VALUES(13810, 'TIQUISIO ', 13);
INSERT INTO Ciudad(Id, Nombre, IdRegion) VALUES(13836, 'TURBACO ', 13);
INSERT INTO Ciudad(Id, Nombre, IdRegion) VALUES(13838, 'TURBANê ', 13);
INSERT INTO Ciudad(Id, Nombre, IdRegion) VALUES(13873, 'VILLANUEVA ', 13);
INSERT INTO Ciudad(Id, Nombre, IdRegion) VALUES(13894, 'ZAMBRANO ', 13);
INSERT INTO Ciudad(Id, Nombre, IdRegion) VALUES(15001, 'TUNJA ', 15);
INSERT INTO Ciudad(Id, Nombre, IdRegion) VALUES(15022, 'ALMEIDA ', 15);
INSERT INTO Ciudad(Id, Nombre, IdRegion) VALUES(15047, 'AQUITANIA ', 15);
INSERT INTO Ciudad(Id, Nombre, IdRegion) VALUES(15051, 'ARCABUCO ', 15);
INSERT INTO Ciudad(Id, Nombre, IdRegion) VALUES(15087, 'BELèN ', 15);
INSERT INTO Ciudad(Id, Nombre, IdRegion) VALUES(15090, 'BERBEO ', 15);
INSERT INTO Ciudad(Id, Nombre, IdRegion) VALUES(15092, 'BETèITIVA ', 15);
INSERT INTO Ciudad(Id, Nombre, IdRegion) VALUES(15097, 'BOAVITA ', 15);
INSERT INTO Ciudad(Id, Nombre, IdRegion) VALUES(15104, 'BOYACê ', 15);
INSERT INTO Ciudad(Id, Nombre, IdRegion) VALUES(15106, 'BRICEîO ', 15);
INSERT INTO Ciudad(Id, Nombre, IdRegion) VALUES(15109, 'BUENAVISTA ', 15);
INSERT INTO Ciudad(Id, Nombre, IdRegion) VALUES(15114, 'BUSBANZê ', 15);
INSERT INTO Ciudad(Id, Nombre, IdRegion) VALUES(15131, 'CALDAS ', 15);
INSERT INTO Ciudad(Id, Nombre, IdRegion) VALUES(15135, 'CAMPOHERMOSO ', 15);
INSERT INTO Ciudad(Id, Nombre, IdRegion) VALUES(15162, 'CERINZA ', 15);
INSERT INTO Ciudad(Id, Nombre, IdRegion) VALUES(15172, 'CHINAVITA ', 15);
INSERT INTO Ciudad(Id, Nombre, IdRegion) VALUES(15176, 'CHIQUINQUIRê ', 15);
INSERT INTO Ciudad(Id, Nombre, IdRegion) VALUES(15180, 'CHISCAS ', 15);
INSERT INTO Ciudad(Id, Nombre, IdRegion) VALUES(15183, 'CHITA ', 15);
INSERT INTO Ciudad(Id, Nombre, IdRegion) VALUES(15185, 'CHITARAQUE ', 15);
INSERT INTO Ciudad(Id, Nombre, IdRegion) VALUES(15187, 'CHIVATê ', 15);
INSERT INTO Ciudad(Id, Nombre, IdRegion) VALUES(15189, 'CIèNEGA ', 15);
INSERT INTO Ciudad(Id, Nombre, IdRegion) VALUES(15204, 'CÆMBITA ', 15);
INSERT INTO Ciudad(Id, Nombre, IdRegion) VALUES(15212, 'COPER ', 15);
INSERT INTO Ciudad(Id, Nombre, IdRegion) VALUES(15215, 'CORRALES ', 15);
INSERT INTO Ciudad(Id, Nombre, IdRegion) VALUES(15218, 'COVARACHëA ', 15);
INSERT INTO Ciudad(Id, Nombre, IdRegion) VALUES(15223, 'CUBARê ', 15);
INSERT INTO Ciudad(Id, Nombre, IdRegion) VALUES(15224, 'CUCAITA ', 15);
INSERT INTO Ciudad(Id, Nombre, IdRegion) VALUES(15226, 'CUëTIVA ', 15);
INSERT INTO Ciudad(Id, Nombre, IdRegion) VALUES(15232, 'CHëQUIZA ', 15);
INSERT INTO Ciudad(Id, Nombre, IdRegion) VALUES(15236, 'CHIVOR ', 15);
INSERT INTO Ciudad(Id, Nombre, IdRegion) VALUES(15238, 'DUITAMA ', 15);
INSERT INTO Ciudad(Id, Nombre, IdRegion) VALUES(15244, 'EL COCUY ', 15);
INSERT INTO Ciudad(Id, Nombre, IdRegion) VALUES(15248, 'EL ESPINO ', 15);
INSERT INTO Ciudad(Id, Nombre, IdRegion) VALUES(15272, 'FIRAVITOBA ', 15);
INSERT INTO Ciudad(Id, Nombre, IdRegion) VALUES(15276, 'FLORESTA ', 15);
INSERT INTO Ciudad(Id, Nombre, IdRegion) VALUES(15293, 'GACHANTIVê ', 15);
INSERT INTO Ciudad(Id, Nombre, IdRegion) VALUES(15296, 'GêMEZA ', 15);
INSERT INTO Ciudad(Id, Nombre, IdRegion) VALUES(15299, 'GARAGOA ', 15);
INSERT INTO Ciudad(Id, Nombre, IdRegion) VALUES(15317, 'GUACAMAYAS ', 15);
INSERT INTO Ciudad(Id, Nombre, IdRegion) VALUES(15322, 'GUATEQUE ', 15);
INSERT INTO Ciudad(Id, Nombre, IdRegion) VALUES(15325, 'GUAYATê ', 15);
INSERT INTO Ciudad(Id, Nombre, IdRegion) VALUES(15332, 'GÉICêN DE LA SIERRA ', 15);
INSERT INTO Ciudad(Id, Nombre, IdRegion) VALUES(15362, 'IZA ', 15);
INSERT INTO Ciudad(Id, Nombre, IdRegion) VALUES(15367, 'JENESANO ', 15);
INSERT INTO Ciudad(Id, Nombre, IdRegion) VALUES(15368, 'JERICÆ ', 15);
INSERT INTO Ciudad(Id, Nombre, IdRegion) VALUES(15377, 'LABRANZAGRANDE ', 15);
INSERT INTO Ciudad(Id, Nombre, IdRegion) VALUES(15380, 'LA CAPILLA ', 15);
INSERT INTO Ciudad(Id, Nombre, IdRegion) VALUES(15401, 'LA VICTORIA ', 15);
INSERT INTO Ciudad(Id, Nombre, IdRegion) VALUES(15403, 'LA UVITA ', 15);
INSERT INTO Ciudad(Id, Nombre, IdRegion) VALUES(15407, 'VILLA DE LEYVA ', 15);
INSERT INTO Ciudad(Id, Nombre, IdRegion) VALUES(15425, 'MACANAL ', 15);
INSERT INTO Ciudad(Id, Nombre, IdRegion) VALUES(15442, 'MARIPë ', 15);
INSERT INTO Ciudad(Id, Nombre, IdRegion) VALUES(15455, 'MIRAFLORES ', 15);
INSERT INTO Ciudad(Id, Nombre, IdRegion) VALUES(15464, 'MONGUA ', 15);
INSERT INTO Ciudad(Id, Nombre, IdRegion) VALUES(15466, 'MONGUë ', 15);
INSERT INTO Ciudad(Id, Nombre, IdRegion) VALUES(15469, 'MONIQUIRê ', 15);
INSERT INTO Ciudad(Id, Nombre, IdRegion) VALUES(15476, 'MOTAVITA ', 15);
INSERT INTO Ciudad(Id, Nombre, IdRegion) VALUES(15480, 'MUZO ', 15);
INSERT INTO Ciudad(Id, Nombre, IdRegion) VALUES(15491, 'NOBSA ', 15);
INSERT INTO Ciudad(Id, Nombre, IdRegion) VALUES(15494, 'NUEVO COLÆN ', 15);
INSERT INTO Ciudad(Id, Nombre, IdRegion) VALUES(15500, 'OICATê ', 15);
INSERT INTO Ciudad(Id, Nombre, IdRegion) VALUES(15507, 'OTANCHE ', 15);
INSERT INTO Ciudad(Id, Nombre, IdRegion) VALUES(15511, 'PACHAVITA ', 15);
INSERT INTO Ciudad(Id, Nombre, IdRegion) VALUES(15514, 'PêEZ ', 15);
INSERT INTO Ciudad(Id, Nombre, IdRegion) VALUES(15516, 'PAIPA ', 15);
INSERT INTO Ciudad(Id, Nombre, IdRegion) VALUES(15518, 'PAJARITO ', 15);
INSERT INTO Ciudad(Id, Nombre, IdRegion) VALUES(15522, 'PANQUEBA ', 15);
INSERT INTO Ciudad(Id, Nombre, IdRegion) VALUES(15531, 'PAUNA ', 15);
INSERT INTO Ciudad(Id, Nombre, IdRegion) VALUES(15533, 'PAYA ', 15);
INSERT INTO Ciudad(Id, Nombre, IdRegion) VALUES(15537, 'PAZ DE RëO ', 15);
INSERT INTO Ciudad(Id, Nombre, IdRegion) VALUES(15542, 'PESCA ', 15);
INSERT INTO Ciudad(Id, Nombre, IdRegion) VALUES(15550, 'PISBA ', 15);
INSERT INTO Ciudad(Id, Nombre, IdRegion) VALUES(15572, 'PUERTO', 15);
INSERT INTO Ciudad(Id, Nombre, IdRegion) VALUES(15580, 'QUëPAMA ', 15);
INSERT INTO Ciudad(Id, Nombre, IdRegion) VALUES(15599, 'RAMIRIQUë ', 15);
INSERT INTO Ciudad(Id, Nombre, IdRegion) VALUES(15600, 'RêQUIRA ', 15);
INSERT INTO Ciudad(Id, Nombre, IdRegion) VALUES(15621, 'RONDÆN ', 15);
INSERT INTO Ciudad(Id, Nombre, IdRegion) VALUES(15632, 'SABOYê ', 15);
INSERT INTO Ciudad(Id, Nombre, IdRegion) VALUES(15638, 'SêCHICA ', 15);
INSERT INTO Ciudad(Id, Nombre, IdRegion) VALUES(15646, 'SAMACê ', 15);
INSERT INTO Ciudad(Id, Nombre, IdRegion) VALUES(15660, 'SAN EDUARDO ', 15);
INSERT INTO Ciudad(Id, Nombre, IdRegion) VALUES(15664, 'SAN JOSè DE PARE ', 15);
INSERT INTO Ciudad(Id, Nombre, IdRegion) VALUES(15667, 'SAN LUIS DE GACENO ', 15);
INSERT INTO Ciudad(Id, Nombre, IdRegion) VALUES(15673, 'SAN MATEO ', 15);
INSERT INTO Ciudad(Id, Nombre, IdRegion) VALUES(15676, 'SAN MIGUEL DE SEMA ', 15);
INSERT INTO Ciudad(Id, Nombre, IdRegion) VALUES(15681, 'SAN PABLO DE BORBUR', 15);
INSERT INTO Ciudad(Id, Nombre, IdRegion) VALUES(15686, 'SANTANA ', 15);
INSERT INTO Ciudad(Id, Nombre, IdRegion) VALUES(15690, 'SANTA MARëA ', 15);
INSERT INTO Ciudad(Id, Nombre, IdRegion) VALUES(15693, 'SANTA ROSA DE VITERBO ', 15);
INSERT INTO Ciudad(Id, Nombre, IdRegion) VALUES(15696, 'SANTA SOFëA ', 15);
INSERT INTO Ciudad(Id, Nombre, IdRegion) VALUES(15720, 'SATIVANORTE ', 15);
INSERT INTO Ciudad(Id, Nombre, IdRegion) VALUES(15723, 'SATIVASUR ', 15);
INSERT INTO Ciudad(Id, Nombre, IdRegion) VALUES(15740, 'SIACHOQUE ', 15);
INSERT INTO Ciudad(Id, Nombre, IdRegion) VALUES(15753, 'SOATê ', 15);
INSERT INTO Ciudad(Id, Nombre, IdRegion) VALUES(15755, 'SOCOTê ', 15);
INSERT INTO Ciudad(Id, Nombre, IdRegion) VALUES(15757, 'SOCHA ', 15);
INSERT INTO Ciudad(Id, Nombre, IdRegion) VALUES(15759, 'SOGAMOSO ', 15);
INSERT INTO Ciudad(Id, Nombre, IdRegion) VALUES(15761, 'SOMONDOCO ', 15);
INSERT INTO Ciudad(Id, Nombre, IdRegion) VALUES(15762, 'SORA ', 15);
INSERT INTO Ciudad(Id, Nombre, IdRegion) VALUES(15763, 'SOTAQUIRê ', 15);
INSERT INTO Ciudad(Id, Nombre, IdRegion) VALUES(15764, 'SORACê ', 15);
INSERT INTO Ciudad(Id, Nombre, IdRegion) VALUES(15774, 'SUSACÆN ', 15);
INSERT INTO Ciudad(Id, Nombre, IdRegion) VALUES(15776, 'SUTAMARCHêN ', 15);
INSERT INTO Ciudad(Id, Nombre, IdRegion) VALUES(15778, 'SUTATENZA ', 15);
INSERT INTO Ciudad(Id, Nombre, IdRegion) VALUES(15790, 'TASCO ', 15);
INSERT INTO Ciudad(Id, Nombre, IdRegion) VALUES(15798, 'TENZA ', 15);
INSERT INTO Ciudad(Id, Nombre, IdRegion) VALUES(15804, 'TIBANê ', 15);
INSERT INTO Ciudad(Id, Nombre, IdRegion) VALUES(15806, 'TIBASOSA ', 15);
INSERT INTO Ciudad(Id, Nombre, IdRegion) VALUES(15808, 'TINJACê ', 15);
INSERT INTO Ciudad(Id, Nombre, IdRegion) VALUES(15810, 'TIPACOQUE ', 15);
INSERT INTO Ciudad(Id, Nombre, IdRegion) VALUES(15814, 'TOCA ', 15);
INSERT INTO Ciudad(Id, Nombre, IdRegion) VALUES(15816, 'TOGÉë ', 15);
INSERT INTO Ciudad(Id, Nombre, IdRegion) VALUES(15820, 'TÆPAGA ', 15);
INSERT INTO Ciudad(Id, Nombre, IdRegion) VALUES(15822, 'TOTA ', 15);
INSERT INTO Ciudad(Id, Nombre, IdRegion) VALUES(15832, 'TUNUNGUê ', 15);
INSERT INTO Ciudad(Id, Nombre, IdRegion) VALUES(15835, 'TURMEQUè ', 15);
INSERT INTO Ciudad(Id, Nombre, IdRegion) VALUES(15837, 'TUTA ', 15);
INSERT INTO Ciudad(Id, Nombre, IdRegion) VALUES(15839, 'TUTAZê ', 15);
INSERT INTO Ciudad(Id, Nombre, IdRegion) VALUES(15842, 'ÖMBITA ', 15);
INSERT INTO Ciudad(Id, Nombre, IdRegion) VALUES(15861, 'VENTAQUEMADA ', 15);
INSERT INTO Ciudad(Id, Nombre, IdRegion) VALUES(15879, 'VIRACACHê ', 15);
INSERT INTO Ciudad(Id, Nombre, IdRegion) VALUES(15897, 'ZETAQUIRA ', 15);
INSERT INTO Ciudad(Id, Nombre, IdRegion) VALUES(17001, 'MANIZALES ', 17);
INSERT INTO Ciudad(Id, Nombre, IdRegion) VALUES(17013, 'AGUADAS ', 17);
INSERT INTO Ciudad(Id, Nombre, IdRegion) VALUES(17042, 'ANSERMA ', 17);
INSERT INTO Ciudad(Id, Nombre, IdRegion) VALUES(17050, 'ARANZAZU ', 17);
INSERT INTO Ciudad(Id, Nombre, IdRegion) VALUES(17088, 'BELALCêZAR ', 17);
INSERT INTO Ciudad(Id, Nombre, IdRegion) VALUES(17174, 'CHINCHINê ', 17);
INSERT INTO Ciudad(Id, Nombre, IdRegion) VALUES(17272, 'FILADELFIA ', 17);
INSERT INTO Ciudad(Id, Nombre, IdRegion) VALUES(17380, 'LA DORADA ', 17);
INSERT INTO Ciudad(Id, Nombre, IdRegion) VALUES(17388, 'LA MERCED ', 17);
INSERT INTO Ciudad(Id, Nombre, IdRegion) VALUES(17433, 'MANZANARES ', 17);
INSERT INTO Ciudad(Id, Nombre, IdRegion) VALUES(17442, 'MARMATO ', 17);
INSERT INTO Ciudad(Id, Nombre, IdRegion) VALUES(17444, 'MARQUETALIA ', 17);
INSERT INTO Ciudad(Id, Nombre, IdRegion) VALUES(17446, 'MARULANDA ', 17);
INSERT INTO Ciudad(Id, Nombre, IdRegion) VALUES(17486, 'NEIRA ', 17);
INSERT INTO Ciudad(Id, Nombre, IdRegion) VALUES(17495, 'NORCASIA ', 17);
INSERT INTO Ciudad(Id, Nombre, IdRegion) VALUES(17513, 'PêCORA ', 17);
INSERT INTO Ciudad(Id, Nombre, IdRegion) VALUES(17524, 'PALESTINA ', 17);
INSERT INTO Ciudad(Id, Nombre, IdRegion) VALUES(17541, 'PENSILVANIA ', 17);
INSERT INTO Ciudad(Id, Nombre, IdRegion) VALUES(17614, 'RIOSUCIO ', 17);
INSERT INTO Ciudad(Id, Nombre, IdRegion) VALUES(17616, 'Risaralda', 17);
INSERT INTO Ciudad(Id, Nombre, IdRegion) VALUES(17653, 'SALAMINA ', 17);
INSERT INTO Ciudad(Id, Nombre, IdRegion) VALUES(17662, 'SAMANê ', 17);
INSERT INTO Ciudad(Id, Nombre, IdRegion) VALUES(17665, 'SAN JOSè ', 17);
INSERT INTO Ciudad(Id, Nombre, IdRegion) VALUES(17777, 'SUPëA ', 17);
INSERT INTO Ciudad(Id, Nombre, IdRegion) VALUES(17867, 'VICTORIA ', 17);
INSERT INTO Ciudad(Id, Nombre, IdRegion) VALUES(17873, 'VILLAMARëA ', 17);
INSERT INTO Ciudad(Id, Nombre, IdRegion) VALUES(17877, 'VITERBO ', 17);
INSERT INTO Ciudad(Id, Nombre, IdRegion) VALUES(18001, 'FLORENCIA ', 18);
INSERT INTO Ciudad(Id, Nombre, IdRegion) VALUES(18029, 'ALBANIA ', 18);
INSERT INTO Ciudad(Id, Nombre, IdRegion) VALUES(18094, 'BELèN DE LOS ANDAQUëES ', 18);
INSERT INTO Ciudad(Id, Nombre, IdRegion) VALUES(18150, 'CARTAGENA DEL CHAIRê ', 18);
INSERT INTO Ciudad(Id, Nombre, IdRegion) VALUES(18205, 'CURILLO ', 18);
INSERT INTO Ciudad(Id, Nombre, IdRegion) VALUES(18247, 'EL DONCELLO ', 18);
INSERT INTO Ciudad(Id, Nombre, IdRegion) VALUES(18256, 'EL PAUJëL ', 18);
INSERT INTO Ciudad(Id, Nombre, IdRegion) VALUES(18410, 'LA MONTAîITA ', 18);
INSERT INTO Ciudad(Id, Nombre, IdRegion) VALUES(18460, 'MILêN ', 18);
INSERT INTO Ciudad(Id, Nombre, IdRegion) VALUES(18479, 'MORELIA ', 18);
INSERT INTO Ciudad(Id, Nombre, IdRegion) VALUES(18592, 'PUERTO RICO ', 18);
INSERT INTO Ciudad(Id, Nombre, IdRegion) VALUES(18610, 'SAN JOSè DEL FRAGUA ', 18);
INSERT INTO Ciudad(Id, Nombre, IdRegion) VALUES(18753, 'SAN VICENTE DEL CAGUêN ', 18);
INSERT INTO Ciudad(Id, Nombre, IdRegion) VALUES(18756, 'SOLANO ', 18);
INSERT INTO Ciudad(Id, Nombre, IdRegion) VALUES(18785, 'SOLITA ', 18);
INSERT INTO Ciudad(Id, Nombre, IdRegion) VALUES(18860, 'VALPARAëSO ', 18);
INSERT INTO Ciudad(Id, Nombre, IdRegion) VALUES(19001, 'POPAYêN ', 19);
INSERT INTO Ciudad(Id, Nombre, IdRegion) VALUES(19022, 'ALMAGUER ', 19);
INSERT INTO Ciudad(Id, Nombre, IdRegion) VALUES(19050, 'ARGELIA ', 19);
INSERT INTO Ciudad(Id, Nombre, IdRegion) VALUES(19075, 'BALBOA ', 19);
INSERT INTO Ciudad(Id, Nombre, IdRegion) VALUES(19100, 'BolÚvar', 19);
INSERT INTO Ciudad(Id, Nombre, IdRegion) VALUES(19110, 'BUENOS AIRES ', 19);
INSERT INTO Ciudad(Id, Nombre, IdRegion) VALUES(19130, 'CAJIBëO ', 19);
INSERT INTO Ciudad(Id, Nombre, IdRegion) VALUES(19137, 'CALDONO ', 19);
INSERT INTO Ciudad(Id, Nombre, IdRegion) VALUES(19142, 'CALOTO ', 19);
INSERT INTO Ciudad(Id, Nombre, IdRegion) VALUES(19212, 'CORINTO ', 19);
INSERT INTO Ciudad(Id, Nombre, IdRegion) VALUES(19256, 'EL TAMBO ', 19);
INSERT INTO Ciudad(Id, Nombre, IdRegion) VALUES(19290, 'FLORENCIA ', 19);
INSERT INTO Ciudad(Id, Nombre, IdRegion) VALUES(19300, 'GUACHENè ', 19);
INSERT INTO Ciudad(Id, Nombre, IdRegion) VALUES(19318, 'GUAPë ', 19);
INSERT INTO Ciudad(Id, Nombre, IdRegion) VALUES(19355, 'INZê ', 19);
INSERT INTO Ciudad(Id, Nombre, IdRegion) VALUES(19364, 'JAMBALÆ ', 19);
INSERT INTO Ciudad(Id, Nombre, IdRegion) VALUES(19392, 'LA SIERRA ', 19);
INSERT INTO Ciudad(Id, Nombre, IdRegion) VALUES(19397, 'LA VEGA ', 19);
INSERT INTO Ciudad(Id, Nombre, IdRegion) VALUES(19418, 'LÆPEZ DE MICAY ', 19);
INSERT INTO Ciudad(Id, Nombre, IdRegion) VALUES(19450, 'MERCADERES ', 19);
INSERT INTO Ciudad(Id, Nombre, IdRegion) VALUES(19455, 'MIRANDA ', 19);
INSERT INTO Ciudad(Id, Nombre, IdRegion) VALUES(19473, 'MORALES ', 19);
INSERT INTO Ciudad(Id, Nombre, IdRegion) VALUES(19513, 'PADILLA ', 19);
INSERT INTO Ciudad(Id, Nombre, IdRegion) VALUES(19517, 'PêEZ - BELALCAZAR ', 19);
INSERT INTO Ciudad(Id, Nombre, IdRegion) VALUES(19532, 'PATëA  EL BORDO ', 19);
INSERT INTO Ciudad(Id, Nombre, IdRegion) VALUES(19533, 'PIAMONTE ', 19);
INSERT INTO Ciudad(Id, Nombre, IdRegion) VALUES(19548, 'PIENDAMÆ  TUNëA ', 19);
INSERT INTO Ciudad(Id, Nombre, IdRegion) VALUES(19573, 'PUERTO TEJADA ', 19);
INSERT INTO Ciudad(Id, Nombre, IdRegion) VALUES(19585, 'PURACè - COCONUCO ', 19);
INSERT INTO Ciudad(Id, Nombre, IdRegion) VALUES(19622, 'ROSAS ', 19);
INSERT INTO Ciudad(Id, Nombre, IdRegion) VALUES(19693, 'SAN SEBASTIêN ', 19);
INSERT INTO Ciudad(Id, Nombre, IdRegion) VALUES(19698, 'SANTANDER DE QUILICHAO ', 19);
INSERT INTO Ciudad(Id, Nombre, IdRegion) VALUES(19701, 'SANTA ROSA ', 19);
INSERT INTO Ciudad(Id, Nombre, IdRegion) VALUES(19743, 'SILVIA ', 19);
INSERT INTO Ciudad(Id, Nombre, IdRegion) VALUES(19760, 'SOTARA ', 19);
INSERT INTO Ciudad(Id, Nombre, IdRegion) VALUES(19780, 'SUêREZ ', 19);
INSERT INTO Ciudad(Id, Nombre, IdRegion) VALUES(19785, 'SUCRE ', 19);
INSERT INTO Ciudad(Id, Nombre, IdRegion) VALUES(19807, 'TIMBëO ', 19);
INSERT INTO Ciudad(Id, Nombre, IdRegion) VALUES(19809, 'TIMBIQUë ', 19);
INSERT INTO Ciudad(Id, Nombre, IdRegion) VALUES(19821, 'TORIBëO ', 19);
INSERT INTO Ciudad(Id, Nombre, IdRegion) VALUES(19824, 'TOTORÆ ', 19);
INSERT INTO Ciudad(Id, Nombre, IdRegion) VALUES(19845, 'VILLA RICA ', 19);
INSERT INTO Ciudad(Id, Nombre, IdRegion) VALUES(20001, 'VALLEDUPAR ', 20);
INSERT INTO Ciudad(Id, Nombre, IdRegion) VALUES(20011, 'AGUACHICA ', 20);
INSERT INTO Ciudad(Id, Nombre, IdRegion) VALUES(20013, 'AGUSTëN CODAZZI ', 20);
INSERT INTO Ciudad(Id, Nombre, IdRegion) VALUES(20032, 'ASTREA ', 20);
INSERT INTO Ciudad(Id, Nombre, IdRegion) VALUES(20045, 'BECERRIL ', 20);
INSERT INTO Ciudad(Id, Nombre, IdRegion) VALUES(20060, 'BOSCONIA ', 20);
INSERT INTO Ciudad(Id, Nombre, IdRegion) VALUES(20175, 'CHIMICHAGUA ', 20);
INSERT INTO Ciudad(Id, Nombre, IdRegion) VALUES(20178, 'CHIRIGUANê ', 20);
INSERT INTO Ciudad(Id, Nombre, IdRegion) VALUES(20228, 'CURUMANë ', 20);
INSERT INTO Ciudad(Id, Nombre, IdRegion) VALUES(20238, 'EL COPEY ', 20);
INSERT INTO Ciudad(Id, Nombre, IdRegion) VALUES(20250, 'EL PASO ', 20);
INSERT INTO Ciudad(Id, Nombre, IdRegion) VALUES(20295, 'GAMARRA ', 20);
INSERT INTO Ciudad(Id, Nombre, IdRegion) VALUES(20310, 'GONZêLEZ ', 20);
INSERT INTO Ciudad(Id, Nombre, IdRegion) VALUES(20383, 'LA GLORIA ', 20);
INSERT INTO Ciudad(Id, Nombre, IdRegion) VALUES(20400, 'LA JAGUA DE IBIRICO ', 20);
INSERT INTO Ciudad(Id, Nombre, IdRegion) VALUES(20443, 'MANAURE BALCÆN DEL', 20);
INSERT INTO Ciudad(Id, Nombre, IdRegion) VALUES(20517, 'PAILITAS ', 20);
INSERT INTO Ciudad(Id, Nombre, IdRegion) VALUES(20550, 'PELAYA ', 20);
INSERT INTO Ciudad(Id, Nombre, IdRegion) VALUES(20570, 'PUEBLO BELLO ', 20);
INSERT INTO Ciudad(Id, Nombre, IdRegion) VALUES(20614, 'RëO DE ORO ', 20);
INSERT INTO Ciudad(Id, Nombre, IdRegion) VALUES(20621, 'LA PAZ ', 20);
INSERT INTO Ciudad(Id, Nombre, IdRegion) VALUES(20710, 'SAN ALBERTO ', 20);
INSERT INTO Ciudad(Id, Nombre, IdRegion) VALUES(20750, 'SAN DIEGO ', 20);
INSERT INTO Ciudad(Id, Nombre, IdRegion) VALUES(20770, 'SAN MARTëN ', 20);
INSERT INTO Ciudad(Id, Nombre, IdRegion) VALUES(20787, 'TAMALAMEQUE ', 20);
INSERT INTO Ciudad(Id, Nombre, IdRegion) VALUES(23001, 'MONTERëA ', 23);
INSERT INTO Ciudad(Id, Nombre, IdRegion) VALUES(23068, 'AYAPEL ', 23);
INSERT INTO Ciudad(Id, Nombre, IdRegion) VALUES(23079, 'BUENAVISTA ', 23);
INSERT INTO Ciudad(Id, Nombre, IdRegion) VALUES(23090, 'CANALETE ', 23);
INSERT INTO Ciudad(Id, Nombre, IdRegion) VALUES(23162, 'CERETè ', 23);
INSERT INTO Ciudad(Id, Nombre, IdRegion) VALUES(23168, 'CHIMê ', 23);
INSERT INTO Ciudad(Id, Nombre, IdRegion) VALUES(23182, 'CHINÖ ', 23);
INSERT INTO Ciudad(Id, Nombre, IdRegion) VALUES(23189, 'CIèNAGA DE ORO ', 23);
INSERT INTO Ciudad(Id, Nombre, IdRegion) VALUES(23300, 'COTORRA ', 23);
INSERT INTO Ciudad(Id, Nombre, IdRegion) VALUES(23350, 'LA APARTADA ', 23);
INSERT INTO Ciudad(Id, Nombre, IdRegion) VALUES(23417, 'LORICA ', 23);
INSERT INTO Ciudad(Id, Nombre, IdRegion) VALUES(23419, 'LOS CÆRDOBAS ', 23);
INSERT INTO Ciudad(Id, Nombre, IdRegion) VALUES(23464, 'MOMIL ', 23);
INSERT INTO Ciudad(Id, Nombre, IdRegion) VALUES(23466, 'MONTELëBANO ', 23);
INSERT INTO Ciudad(Id, Nombre, IdRegion) VALUES(23500, 'MOîITOS ', 23);
INSERT INTO Ciudad(Id, Nombre, IdRegion) VALUES(23555, 'PLANETA RICA ', 23);
INSERT INTO Ciudad(Id, Nombre, IdRegion) VALUES(23570, 'PUEBLO NUEVO ', 23);
INSERT INTO Ciudad(Id, Nombre, IdRegion) VALUES(23574, 'PUERTO ESCONDIDO ', 23);
INSERT INTO Ciudad(Id, Nombre, IdRegion) VALUES(23580, 'PUERTO LIBERTADOR ', 23);
INSERT INTO Ciudad(Id, Nombre, IdRegion) VALUES(23586, 'PURëSIMA DE LA CONCEPCIÆN ', 23);
INSERT INTO Ciudad(Id, Nombre, IdRegion) VALUES(23660, 'SAHAGÖN ', 23);
INSERT INTO Ciudad(Id, Nombre, IdRegion) VALUES(23670, 'SAN ANDRèS DE SOTAVENTO ', 23);
INSERT INTO Ciudad(Id, Nombre, IdRegion) VALUES(23672, 'SAN ANTERO ', 23);
INSERT INTO Ciudad(Id, Nombre, IdRegion) VALUES(23675, 'SAN BERNARDO DEL VIENTO ', 23);
INSERT INTO Ciudad(Id, Nombre, IdRegion) VALUES(23678, 'SAN CARLOS ', 23);
INSERT INTO Ciudad(Id, Nombre, IdRegion) VALUES(23682, 'SAN JOSè DE URè ', 23);
INSERT INTO Ciudad(Id, Nombre, IdRegion) VALUES(23686, 'SAN PELAYO ', 23);
INSERT INTO Ciudad(Id, Nombre, IdRegion) VALUES(23807, 'TIERRALTA ', 23);
INSERT INTO Ciudad(Id, Nombre, IdRegion) VALUES(23815, 'TUCHëN ', 23);
INSERT INTO Ciudad(Id, Nombre, IdRegion) VALUES(23855, 'VALENCIA ', 23);
INSERT INTO Ciudad(Id, Nombre, IdRegion) VALUES(25839, 'UBALê', 25);
INSERT INTO Ciudad(Id, Nombre, IdRegion) VALUES(25841, 'UBAQUE', 25);
INSERT INTO Ciudad(Id, Nombre, IdRegion) VALUES(25843, 'VILLA DE SAN DIEGO DE UBATè', 25);
INSERT INTO Ciudad(Id, Nombre, IdRegion) VALUES(25845, 'UNE', 25);
INSERT INTO Ciudad(Id, Nombre, IdRegion) VALUES(25851, 'ÖTICA', 25);
INSERT INTO Ciudad(Id, Nombre, IdRegion) VALUES(25862, 'VERGARA', 25);
INSERT INTO Ciudad(Id, Nombre, IdRegion) VALUES(25867, 'VIANë', 25);
INSERT INTO Ciudad(Id, Nombre, IdRegion) VALUES(25871, 'VILLAGÆMEZ', 25);
INSERT INTO Ciudad(Id, Nombre, IdRegion) VALUES(25873, 'VILLAPINZÆN', 25);
INSERT INTO Ciudad(Id, Nombre, IdRegion) VALUES(25875, 'VILLETA', 25);
INSERT INTO Ciudad(Id, Nombre, IdRegion) VALUES(25878, 'VIOTê', 25);
INSERT INTO Ciudad(Id, Nombre, IdRegion) VALUES(25885, 'YACOPë', 25);
INSERT INTO Ciudad(Id, Nombre, IdRegion) VALUES(25898, 'ZIPACÆN', 25);
INSERT INTO Ciudad(Id, Nombre, IdRegion) VALUES(25899, 'ZIPAQUIRê', 25);
INSERT INTO Ciudad(Id, Nombre, IdRegion) VALUES(25001, 'AGUA DE DIOS ', 25);
INSERT INTO Ciudad(Id, Nombre, IdRegion) VALUES(25019, 'ALBêN ', 25);
INSERT INTO Ciudad(Id, Nombre, IdRegion) VALUES(25035, 'ANAPOIMA ', 25);
INSERT INTO Ciudad(Id, Nombre, IdRegion) VALUES(25040, 'ANOLAIMA ', 25);
INSERT INTO Ciudad(Id, Nombre, IdRegion) VALUES(25053, 'ARBELêEZ ', 25);
INSERT INTO Ciudad(Id, Nombre, IdRegion) VALUES(25086, 'BELTRêN ', 25);
INSERT INTO Ciudad(Id, Nombre, IdRegion) VALUES(25095, 'BITUIMA ', 25);
INSERT INTO Ciudad(Id, Nombre, IdRegion) VALUES(25099, 'BOJACê ', 25);
INSERT INTO Ciudad(Id, Nombre, IdRegion) VALUES(25120, 'CABRERA ', 25);
INSERT INTO Ciudad(Id, Nombre, IdRegion) VALUES(25123, 'CACHIPAY ', 25);
INSERT INTO Ciudad(Id, Nombre, IdRegion) VALUES(25126, 'CAJICê ', 25);
INSERT INTO Ciudad(Id, Nombre, IdRegion) VALUES(25148, 'CAPARRAPë ', 25);
INSERT INTO Ciudad(Id, Nombre, IdRegion) VALUES(25151, 'CêQUEZA ', 25);
INSERT INTO Ciudad(Id, Nombre, IdRegion) VALUES(25154, 'CARMEN DE CARUPA ', 25);
INSERT INTO Ciudad(Id, Nombre, IdRegion) VALUES(25168, 'CHAGUANë ', 25);
INSERT INTO Ciudad(Id, Nombre, IdRegion) VALUES(25175, 'CHëA ', 25);
INSERT INTO Ciudad(Id, Nombre, IdRegion) VALUES(25178, 'CHIPAQUE ', 25);
INSERT INTO Ciudad(Id, Nombre, IdRegion) VALUES(25181, 'CHOACHë ', 25);
INSERT INTO Ciudad(Id, Nombre, IdRegion) VALUES(25183, 'CHOCONTê ', 25);
INSERT INTO Ciudad(Id, Nombre, IdRegion) VALUES(25200, 'COGUA ', 25);
INSERT INTO Ciudad(Id, Nombre, IdRegion) VALUES(25214, 'COTA ', 25);
INSERT INTO Ciudad(Id, Nombre, IdRegion) VALUES(25224, 'CUCUNUBê ', 25);
INSERT INTO Ciudad(Id, Nombre, IdRegion) VALUES(25245, 'EL COLEGIO ', 25);
INSERT INTO Ciudad(Id, Nombre, IdRegion) VALUES(25258, 'EL PEîÆN ', 25);
INSERT INTO Ciudad(Id, Nombre, IdRegion) VALUES(25260, 'EL ROSAL ', 25);
INSERT INTO Ciudad(Id, Nombre, IdRegion) VALUES(25269, 'FACATATIVê ', 25);
INSERT INTO Ciudad(Id, Nombre, IdRegion) VALUES(25279, 'FÆMEQUE ', 25);
INSERT INTO Ciudad(Id, Nombre, IdRegion) VALUES(25281, 'FOSCA ', 25);
INSERT INTO Ciudad(Id, Nombre, IdRegion) VALUES(25286, 'FUNZA ', 25);
INSERT INTO Ciudad(Id, Nombre, IdRegion) VALUES(25288, 'FÖQUENE ', 25);
INSERT INTO Ciudad(Id, Nombre, IdRegion) VALUES(25290, 'FUSAGASUGê ', 25);
INSERT INTO Ciudad(Id, Nombre, IdRegion) VALUES(25293, 'GACHALê ', 25);
INSERT INTO Ciudad(Id, Nombre, IdRegion) VALUES(25295, 'GACHANCIPê ', 25);
INSERT INTO Ciudad(Id, Nombre, IdRegion) VALUES(25297, 'GACHETê ', 25);
INSERT INTO Ciudad(Id, Nombre, IdRegion) VALUES(25299, 'GAMA ', 25);
INSERT INTO Ciudad(Id, Nombre, IdRegion) VALUES(25307, 'GIRARDOT ', 25);
INSERT INTO Ciudad(Id, Nombre, IdRegion) VALUES(25312, 'GRANADA ', 25);
INSERT INTO Ciudad(Id, Nombre, IdRegion) VALUES(25317, 'GUACHETê ', 25);
INSERT INTO Ciudad(Id, Nombre, IdRegion) VALUES(25320, 'GUADUAS ', 25);
INSERT INTO Ciudad(Id, Nombre, IdRegion) VALUES(25322, 'GUASCA ', 25);
INSERT INTO Ciudad(Id, Nombre, IdRegion) VALUES(25324, 'GUATAQUë ', 25);
INSERT INTO Ciudad(Id, Nombre, IdRegion) VALUES(25326, 'GUATAVITA ', 25);
INSERT INTO Ciudad(Id, Nombre, IdRegion) VALUES(25328, 'GUAYABAL DE SëQUIMA ', 25);
INSERT INTO Ciudad(Id, Nombre, IdRegion) VALUES(25335, 'GUAYABETAL ', 25);
INSERT INTO Ciudad(Id, Nombre, IdRegion) VALUES(25339, 'GUTIèRREZ ', 25);
INSERT INTO Ciudad(Id, Nombre, IdRegion) VALUES(25368, 'JERUSALèN ', 25);
INSERT INTO Ciudad(Id, Nombre, IdRegion) VALUES(25372, 'JUNëN ', 25);
INSERT INTO Ciudad(Id, Nombre, IdRegion) VALUES(25377, 'LA CALERA ', 25);
INSERT INTO Ciudad(Id, Nombre, IdRegion) VALUES(25386, 'LA MESA ', 25);
INSERT INTO Ciudad(Id, Nombre, IdRegion) VALUES(25394, 'LA PALMA ', 25);
INSERT INTO Ciudad(Id, Nombre, IdRegion) VALUES(25398, 'LA PEîA ', 25);
INSERT INTO Ciudad(Id, Nombre, IdRegion) VALUES(25402, 'LA VEGA ', 25);
INSERT INTO Ciudad(Id, Nombre, IdRegion) VALUES(25407, 'LENGUAZAQUE ', 25);
INSERT INTO Ciudad(Id, Nombre, IdRegion) VALUES(25426, 'MACHETê ', 25);
INSERT INTO Ciudad(Id, Nombre, IdRegion) VALUES(25430, 'MADRID ', 25);
INSERT INTO Ciudad(Id, Nombre, IdRegion) VALUES(25436, 'MANTA ', 25);
INSERT INTO Ciudad(Id, Nombre, IdRegion) VALUES(25438, 'MEDINA ', 25);
INSERT INTO Ciudad(Id, Nombre, IdRegion) VALUES(25473, 'MOSQUERA ', 25);
INSERT INTO Ciudad(Id, Nombre, IdRegion) VALUES(25483, 'NARIîO ', 25);
INSERT INTO Ciudad(Id, Nombre, IdRegion) VALUES(25486, 'NEMOCÆN ', 25);
INSERT INTO Ciudad(Id, Nombre, IdRegion) VALUES(25488, 'NILO ', 25);
INSERT INTO Ciudad(Id, Nombre, IdRegion) VALUES(25489, 'NIMAIMA ', 25);
INSERT INTO Ciudad(Id, Nombre, IdRegion) VALUES(25491, 'NOCAIMA ', 25);
INSERT INTO Ciudad(Id, Nombre, IdRegion) VALUES(25506, 'VENECIA ', 25);
INSERT INTO Ciudad(Id, Nombre, IdRegion) VALUES(25513, 'PACHO ', 25);
INSERT INTO Ciudad(Id, Nombre, IdRegion) VALUES(25518, 'PAIME ', 25);
INSERT INTO Ciudad(Id, Nombre, IdRegion) VALUES(25524, 'PANDI ', 25);
INSERT INTO Ciudad(Id, Nombre, IdRegion) VALUES(25530, 'PARATEBUENO ', 25);
INSERT INTO Ciudad(Id, Nombre, IdRegion) VALUES(25535, 'PASCA ', 25);
INSERT INTO Ciudad(Id, Nombre, IdRegion) VALUES(25572, 'PUERTO SALGAR ', 25);
INSERT INTO Ciudad(Id, Nombre, IdRegion) VALUES(25580, 'PULë ', 25);
INSERT INTO Ciudad(Id, Nombre, IdRegion) VALUES(25592, 'QUEBRADANEGRA ', 25);
INSERT INTO Ciudad(Id, Nombre, IdRegion) VALUES(25594, 'QUETAME ', 25);
INSERT INTO Ciudad(Id, Nombre, IdRegion) VALUES(25596, 'QUIPILE ', 25);
INSERT INTO Ciudad(Id, Nombre, IdRegion) VALUES(25599, 'APULO ', 25);
INSERT INTO Ciudad(Id, Nombre, IdRegion) VALUES(25612, 'RICAURTE ', 25);
INSERT INTO Ciudad(Id, Nombre, IdRegion) VALUES(25645, 'SAN ANTONIO DEL TEQUENDAMA ', 25);
INSERT INTO Ciudad(Id, Nombre, IdRegion) VALUES(25649, 'SAN BERNARDO ', 25);
INSERT INTO Ciudad(Id, Nombre, IdRegion) VALUES(25653, 'SAN CAYETANO ', 25);
INSERT INTO Ciudad(Id, Nombre, IdRegion) VALUES(25658, 'SAN FRANCISCO ', 25);
INSERT INTO Ciudad(Id, Nombre, IdRegion) VALUES(25662, 'SAN JUAN DE RIOSECO ', 25);
INSERT INTO Ciudad(Id, Nombre, IdRegion) VALUES(25718, 'SASAIMA ', 25);
INSERT INTO Ciudad(Id, Nombre, IdRegion) VALUES(25736, 'SESQUILè ', 25);
INSERT INTO Ciudad(Id, Nombre, IdRegion) VALUES(25740, 'SIBATè ', 25);
INSERT INTO Ciudad(Id, Nombre, IdRegion) VALUES(25743, 'SILVANIA ', 25);
INSERT INTO Ciudad(Id, Nombre, IdRegion) VALUES(25745, 'SIMIJACA ', 25);
INSERT INTO Ciudad(Id, Nombre, IdRegion) VALUES(25754, 'SOACHA ', 25);
INSERT INTO Ciudad(Id, Nombre, IdRegion) VALUES(25758, 'SOPÆ ', 25);
INSERT INTO Ciudad(Id, Nombre, IdRegion) VALUES(25769, 'SUBACHOQUE ', 25);
INSERT INTO Ciudad(Id, Nombre, IdRegion) VALUES(25772, 'SUESCA ', 25);
INSERT INTO Ciudad(Id, Nombre, IdRegion) VALUES(25777, 'SUPATê ', 25);
INSERT INTO Ciudad(Id, Nombre, IdRegion) VALUES(25779, 'SUSA ', 25);
INSERT INTO Ciudad(Id, Nombre, IdRegion) VALUES(25781, 'SUTATAUSA ', 25);
INSERT INTO Ciudad(Id, Nombre, IdRegion) VALUES(25785, 'TABIO ', 25);
INSERT INTO Ciudad(Id, Nombre, IdRegion) VALUES(25793, 'TAUSA ', 25);
INSERT INTO Ciudad(Id, Nombre, IdRegion) VALUES(25797, 'TENA ', 25);
INSERT INTO Ciudad(Id, Nombre, IdRegion) VALUES(25799, 'TENJO ', 25);
INSERT INTO Ciudad(Id, Nombre, IdRegion) VALUES(25805, 'TIBACUY ', 25);
INSERT INTO Ciudad(Id, Nombre, IdRegion) VALUES(25807, 'TIBIRITA ', 25);
INSERT INTO Ciudad(Id, Nombre, IdRegion) VALUES(25815, 'TOCAIMA ', 25);
INSERT INTO Ciudad(Id, Nombre, IdRegion) VALUES(25817, 'TOCANCIPê ', 25);
INSERT INTO Ciudad(Id, Nombre, IdRegion) VALUES(25823, 'TOPAIPë ', 25);
INSERT INTO Ciudad(Id, Nombre, IdRegion) VALUES(27001, 'QUIBDÆ', 27);
INSERT INTO Ciudad(Id, Nombre, IdRegion) VALUES(27006, 'ACANDë', 27);
INSERT INTO Ciudad(Id, Nombre, IdRegion) VALUES(27025, 'ALTO BAUDÆ (PIE DE PATÆ)', 27);
INSERT INTO Ciudad(Id, Nombre, IdRegion) VALUES(27050, 'ATRATO (YUTO)', 27);
INSERT INTO Ciudad(Id, Nombre, IdRegion) VALUES(27073, 'BAGADÆ', 27);
INSERT INTO Ciudad(Id, Nombre, IdRegion) VALUES(27075, 'BAHëA SOLANO (MUTIS)', 27);
INSERT INTO Ciudad(Id, Nombre, IdRegion) VALUES(27077, 'BAJO BAUDÆ (PIZARRO)', 27);
INSERT INTO Ciudad(Id, Nombre, IdRegion) VALUES(27099, 'BOJAYê (BELLA VISTA)', 27);
INSERT INTO Ciudad(Id, Nombre, IdRegion) VALUES(27135, 'EL CANTÆN DEL SAN PABLO', 27);
INSERT INTO Ciudad(Id, Nombre, IdRegion) VALUES(27150, 'CARMEN DEL DARIèN', 27);
INSERT INTO Ciudad(Id, Nombre, IdRegion) VALUES(27160, 'CèRTEGUI', 27);
INSERT INTO Ciudad(Id, Nombre, IdRegion) VALUES(27205, 'CONDOTO', 27);
INSERT INTO Ciudad(Id, Nombre, IdRegion) VALUES(27245, 'EL CARMEN DE ATRATO', 27);
INSERT INTO Ciudad(Id, Nombre, IdRegion) VALUES(27250, 'EL LITORAL DEL SAN JUAN', 27);
INSERT INTO Ciudad(Id, Nombre, IdRegion) VALUES(27361, 'ISTMINA', 27);
INSERT INTO Ciudad(Id, Nombre, IdRegion) VALUES(27372, 'JURADÆ', 27);
INSERT INTO Ciudad(Id, Nombre, IdRegion) VALUES(27413, 'LLORÆ', 27);
INSERT INTO Ciudad(Id, Nombre, IdRegion) VALUES(27425, 'MEDIO ATRATO (BETè)', 27);
INSERT INTO Ciudad(Id, Nombre, IdRegion) VALUES(27430, 'MEDIO BAUDÆ', 27);
INSERT INTO Ciudad(Id, Nombre, IdRegion) VALUES(27450, 'MEDIO SAN JUAN (ANDAGOYA)', 27);
INSERT INTO Ciudad(Id, Nombre, IdRegion) VALUES(27491, 'NÆVITA', 27);
INSERT INTO Ciudad(Id, Nombre, IdRegion) VALUES(27495, 'NUQUë', 27);
INSERT INTO Ciudad(Id, Nombre, IdRegion) VALUES(27580, 'RëO IRÆ (SANTA RITA)', 27);
INSERT INTO Ciudad(Id, Nombre, IdRegion) VALUES(27600, 'RëO QUITO (PAIMADÆ)', 27);
INSERT INTO Ciudad(Id, Nombre, IdRegion) VALUES(27615, 'RIOSUCIO', 27);
INSERT INTO Ciudad(Id, Nombre, IdRegion) VALUES(27660, 'SAN JOSè DEL PALMAR', 27);
INSERT INTO Ciudad(Id, Nombre, IdRegion) VALUES(27745, 'SIPë', 27);
INSERT INTO Ciudad(Id, Nombre, IdRegion) VALUES(27787, 'TADÆ', 27);
INSERT INTO Ciudad(Id, Nombre, IdRegion) VALUES(27800, 'UNGUëA', 27);
INSERT INTO Ciudad(Id, Nombre, IdRegion) VALUES(27810, 'UNIÆN PANAMERICANA (LAS êNIMAS)', 27);
INSERT INTO Ciudad(Id, Nombre, IdRegion) VALUES(41001, 'NEIVA', 41);
INSERT INTO Ciudad(Id, Nombre, IdRegion) VALUES(41006, 'ACEVEDO', 41);
INSERT INTO Ciudad(Id, Nombre, IdRegion) VALUES(41013, 'AGRADO', 41);
INSERT INTO Ciudad(Id, Nombre, IdRegion) VALUES(41016, 'AIPE', 41);
INSERT INTO Ciudad(Id, Nombre, IdRegion) VALUES(41020, 'ALGECIRAS', 41);
INSERT INTO Ciudad(Id, Nombre, IdRegion) VALUES(41026, 'ALTAMIRA', 41);
INSERT INTO Ciudad(Id, Nombre, IdRegion) VALUES(41078, 'BARAYA', 41);
INSERT INTO Ciudad(Id, Nombre, IdRegion) VALUES(41132, 'CAMPOALEGRE', 41);
INSERT INTO Ciudad(Id, Nombre, IdRegion) VALUES(41206, 'COLOMBIA', 41);
INSERT INTO Ciudad(Id, Nombre, IdRegion) VALUES(41244, 'ELëAS', 41);
INSERT INTO Ciudad(Id, Nombre, IdRegion) VALUES(41298, 'GARZÆN', 41);
INSERT INTO Ciudad(Id, Nombre, IdRegion) VALUES(41306, 'GIGANTE', 41);
INSERT INTO Ciudad(Id, Nombre, IdRegion) VALUES(41319, 'GUADALUPE', 41);
INSERT INTO Ciudad(Id, Nombre, IdRegion) VALUES(41349, 'HOBO', 41);
INSERT INTO Ciudad(Id, Nombre, IdRegion) VALUES(41357, 'ëQUIRA', 41);
INSERT INTO Ciudad(Id, Nombre, IdRegion) VALUES(41359, 'ISNOS', 41);
INSERT INTO Ciudad(Id, Nombre, IdRegion) VALUES(41378, 'LA ARGENTINA (LA PLATA VIEJA)', 41);
INSERT INTO Ciudad(Id, Nombre, IdRegion) VALUES(41396, 'LA PLATA', 41);
INSERT INTO Ciudad(Id, Nombre, IdRegion) VALUES(41483, 'NêTAGA', 41);
INSERT INTO Ciudad(Id, Nombre, IdRegion) VALUES(41503, 'OPORAPA', 41);
INSERT INTO Ciudad(Id, Nombre, IdRegion) VALUES(41518, 'PAICOL', 41);
INSERT INTO Ciudad(Id, Nombre, IdRegion) VALUES(41524, 'PALERMO', 41);
INSERT INTO Ciudad(Id, Nombre, IdRegion) VALUES(41530, 'PALESTINA', 41);
INSERT INTO Ciudad(Id, Nombre, IdRegion) VALUES(41548, 'PITAL', 41);
INSERT INTO Ciudad(Id, Nombre, IdRegion) VALUES(41551, 'PITALITO', 41);
INSERT INTO Ciudad(Id, Nombre, IdRegion) VALUES(41615, 'RIVERA', 41);
INSERT INTO Ciudad(Id, Nombre, IdRegion) VALUES(41660, 'SALADOBLANCO', 41);
INSERT INTO Ciudad(Id, Nombre, IdRegion) VALUES(41668, 'SAN AGUSTëN', 41);
INSERT INTO Ciudad(Id, Nombre, IdRegion) VALUES(41676, 'SANTA MARëA', 41);
INSERT INTO Ciudad(Id, Nombre, IdRegion) VALUES(41770, 'SUAZA', 41);
INSERT INTO Ciudad(Id, Nombre, IdRegion) VALUES(41791, 'TARQUI', 41);
INSERT INTO Ciudad(Id, Nombre, IdRegion) VALUES(41797, 'TESALIA (CARNICERëAS)', 41);
INSERT INTO Ciudad(Id, Nombre, IdRegion) VALUES(41799, 'TELLO', 41);
INSERT INTO Ciudad(Id, Nombre, IdRegion) VALUES(41801, 'TERUEL', 41);
INSERT INTO Ciudad(Id, Nombre, IdRegion) VALUES(41807, 'TIMANê', 41);
INSERT INTO Ciudad(Id, Nombre, IdRegion) VALUES(41872, 'VILLAVIEJA', 41);
INSERT INTO Ciudad(Id, Nombre, IdRegion) VALUES(41885, 'YAGUARê', 41);
INSERT INTO Ciudad(Id, Nombre, IdRegion) VALUES(44001, 'RIOHACHA', 44);
INSERT INTO Ciudad(Id, Nombre, IdRegion) VALUES(44035, 'ALBANIA', 44);
INSERT INTO Ciudad(Id, Nombre, IdRegion) VALUES(44078, 'BARRANCAS', 44);
INSERT INTO Ciudad(Id, Nombre, IdRegion) VALUES(44090, 'DIBULLA', 44);
INSERT INTO Ciudad(Id, Nombre, IdRegion) VALUES(44098, 'DISTRACCIÆN', 44);
INSERT INTO Ciudad(Id, Nombre, IdRegion) VALUES(44110, 'EL MOLINO', 44);
INSERT INTO Ciudad(Id, Nombre, IdRegion) VALUES(44279, 'FONSECA', 44);
INSERT INTO Ciudad(Id, Nombre, IdRegion) VALUES(44378, 'HATONUEVO', 44);
INSERT INTO Ciudad(Id, Nombre, IdRegion) VALUES(44420, 'LA JAGUA DEL PILAR', 44);
INSERT INTO Ciudad(Id, Nombre, IdRegion) VALUES(44430, 'MAICAO', 44);
INSERT INTO Ciudad(Id, Nombre, IdRegion) VALUES(44560, 'MANAURE', 44);
INSERT INTO Ciudad(Id, Nombre, IdRegion) VALUES(44650, 'SAN JUAN DEL CESAR', 44);
INSERT INTO Ciudad(Id, Nombre, IdRegion) VALUES(44847, 'URIBIA', 44);
INSERT INTO Ciudad(Id, Nombre, IdRegion) VALUES(44855, 'URUMITA', 44);
INSERT INTO Ciudad(Id, Nombre, IdRegion) VALUES(44874, 'VILLANUEVA', 44);
INSERT INTO Ciudad(Id, Nombre, IdRegion) VALUES(47001, 'SANTA MARTA', 47);
INSERT INTO Ciudad(Id, Nombre, IdRegion) VALUES(47030, 'ALGARROBO', 47);
INSERT INTO Ciudad(Id, Nombre, IdRegion) VALUES(47053, 'ARACATACA', 47);
INSERT INTO Ciudad(Id, Nombre, IdRegion) VALUES(47058, 'ARIGUANë', 47);
INSERT INTO Ciudad(Id, Nombre, IdRegion) VALUES(47161, 'CERRO DE SAN ANTONIO', 47);
INSERT INTO Ciudad(Id, Nombre, IdRegion) VALUES(47170, 'CHIBOLO', 47);
INSERT INTO Ciudad(Id, Nombre, IdRegion) VALUES(47189, 'CIèNAGA', 47);
INSERT INTO Ciudad(Id, Nombre, IdRegion) VALUES(47205, 'CONCORDIA', 47);
INSERT INTO Ciudad(Id, Nombre, IdRegion) VALUES(47245, 'EL BANCO', 47);
INSERT INTO Ciudad(Id, Nombre, IdRegion) VALUES(47258, 'EL PIîÆN', 47);
INSERT INTO Ciudad(Id, Nombre, IdRegion) VALUES(47268, 'EL RETèN', 47);
INSERT INTO Ciudad(Id, Nombre, IdRegion) VALUES(47288, 'FUNDACIÆN', 47);
INSERT INTO Ciudad(Id, Nombre, IdRegion) VALUES(47318, 'GUAMAL', 47);
INSERT INTO Ciudad(Id, Nombre, IdRegion) VALUES(47460, 'NUEVA GRANADA', 47);
INSERT INTO Ciudad(Id, Nombre, IdRegion) VALUES(47541, 'PEDRAZA', 47);
INSERT INTO Ciudad(Id, Nombre, IdRegion) VALUES(47545, 'PIJIîO DEL CARMEN', 47);
INSERT INTO Ciudad(Id, Nombre, IdRegion) VALUES(47551, 'PIVIJAY', 47);
INSERT INTO Ciudad(Id, Nombre, IdRegion) VALUES(47555, 'PLATO', 47);
INSERT INTO Ciudad(Id, Nombre, IdRegion) VALUES(47570, 'PUEBLOVIEJO', 47);
INSERT INTO Ciudad(Id, Nombre, IdRegion) VALUES(47605, 'REMOLINO', 47);
INSERT INTO Ciudad(Id, Nombre, IdRegion) VALUES(47660, 'SABANAS DE SAN êNGEL', 47);
INSERT INTO Ciudad(Id, Nombre, IdRegion) VALUES(47675, 'SALAMINA', 47);
INSERT INTO Ciudad(Id, Nombre, IdRegion) VALUES(47692, 'SAN SEBASTIêN DE BUENAVISTA', 47);
INSERT INTO Ciudad(Id, Nombre, IdRegion) VALUES(47703, 'SAN ZENÆN', 47);
INSERT INTO Ciudad(Id, Nombre, IdRegion) VALUES(47707, 'SANTA ANA', 47);
INSERT INTO Ciudad(Id, Nombre, IdRegion) VALUES(47720, 'SANTA BêRBARA DE PINTO', 47);
INSERT INTO Ciudad(Id, Nombre, IdRegion) VALUES(47745, 'SITIONUEVO', 47);
INSERT INTO Ciudad(Id, Nombre, IdRegion) VALUES(47798, 'TENERIFE', 47);
INSERT INTO Ciudad(Id, Nombre, IdRegion) VALUES(47960, 'ZAPAYêN', 47);
INSERT INTO Ciudad(Id, Nombre, IdRegion) VALUES(47980, 'ZONA BANANERA', 47);
INSERT INTO Ciudad(Id, Nombre, IdRegion) VALUES(50001, 'VILLAVICENCIO', 50);
INSERT INTO Ciudad(Id, Nombre, IdRegion) VALUES(50006, 'ACACëAS', 50);
INSERT INTO Ciudad(Id, Nombre, IdRegion) VALUES(50110, 'BARRANCA DE UPëA', 50);
INSERT INTO Ciudad(Id, Nombre, IdRegion) VALUES(50124, 'CABUYARO', 50);
INSERT INTO Ciudad(Id, Nombre, IdRegion) VALUES(50150, 'CASTILLA LA NUEVA', 50);
INSERT INTO Ciudad(Id, Nombre, IdRegion) VALUES(50223, 'CUBARRAL', 50);
INSERT INTO Ciudad(Id, Nombre, IdRegion) VALUES(50226, 'CUMARAL', 50);
INSERT INTO Ciudad(Id, Nombre, IdRegion) VALUES(50245, 'EL CALVARIO', 50);
INSERT INTO Ciudad(Id, Nombre, IdRegion) VALUES(50251, 'EL CASTILLO', 50);
INSERT INTO Ciudad(Id, Nombre, IdRegion) VALUES(50270, 'EL DORADO', 50);
INSERT INTO Ciudad(Id, Nombre, IdRegion) VALUES(50287, 'FUENTEDEORO', 50);
INSERT INTO Ciudad(Id, Nombre, IdRegion) VALUES(50313, 'GRANADA', 50);
INSERT INTO Ciudad(Id, Nombre, IdRegion) VALUES(50318, 'GUAMAL', 50);
INSERT INTO Ciudad(Id, Nombre, IdRegion) VALUES(50325, 'MAPIRIPêN', 50);
INSERT INTO Ciudad(Id, Nombre, IdRegion) VALUES(50330, 'MESETAS', 50);
INSERT INTO Ciudad(Id, Nombre, IdRegion) VALUES(50350, 'LA MACARENA', 50);
INSERT INTO Ciudad(Id, Nombre, IdRegion) VALUES(50370, 'URIBE', 50);
INSERT INTO Ciudad(Id, Nombre, IdRegion) VALUES(50400, 'LEJANëAS', 50);
INSERT INTO Ciudad(Id, Nombre, IdRegion) VALUES(50450, 'PUERTO CONCORDIA', 50);
INSERT INTO Ciudad(Id, Nombre, IdRegion) VALUES(50568, 'PUERTO GAITêN', 50);
INSERT INTO Ciudad(Id, Nombre, IdRegion) VALUES(50573, 'PUERTO LÆPEZ', 50);
INSERT INTO Ciudad(Id, Nombre, IdRegion) VALUES(50577, 'PUERTO LLERAS', 50);
INSERT INTO Ciudad(Id, Nombre, IdRegion) VALUES(50590, 'PUERTO RICO', 50);
INSERT INTO Ciudad(Id, Nombre, IdRegion) VALUES(50606, 'RESTREPO', 50);
INSERT INTO Ciudad(Id, Nombre, IdRegion) VALUES(50680, 'SAN CARLOS DE GUAROA', 50);
INSERT INTO Ciudad(Id, Nombre, IdRegion) VALUES(50683, 'SAN JUAN DE ARAMA', 50);
INSERT INTO Ciudad(Id, Nombre, IdRegion) VALUES(50686, 'SAN JUANITO', 50);
INSERT INTO Ciudad(Id, Nombre, IdRegion) VALUES(50689, 'SAN MARTëN DE LOS LLANOS', 50);
INSERT INTO Ciudad(Id, Nombre, IdRegion) VALUES(50711, 'VISTAHERMOSA', 50);
INSERT INTO Ciudad(Id, Nombre, IdRegion) VALUES(52001, 'PASTO', 52);
INSERT INTO Ciudad(Id, Nombre, IdRegion) VALUES(52019, 'ALBêN (SAN JOSè)', 52);
INSERT INTO Ciudad(Id, Nombre, IdRegion) VALUES(52022, 'ALDANA', 52);
INSERT INTO Ciudad(Id, Nombre, IdRegion) VALUES(52036, 'ANCUYê', 52);
INSERT INTO Ciudad(Id, Nombre, IdRegion) VALUES(52051, 'ARBOLEDA', 52);
INSERT INTO Ciudad(Id, Nombre, IdRegion) VALUES(52079, 'BARBACOAS', 52);
INSERT INTO Ciudad(Id, Nombre, IdRegion) VALUES(52083, 'BELèN', 52);
INSERT INTO Ciudad(Id, Nombre, IdRegion) VALUES(52110, 'BUESACO', 52);
INSERT INTO Ciudad(Id, Nombre, IdRegion) VALUES(52203, 'COLÆN (GèNOVA)', 52);
INSERT INTO Ciudad(Id, Nombre, IdRegion) VALUES(52207, 'CONSACê', 52);
INSERT INTO Ciudad(Id, Nombre, IdRegion) VALUES(52210, 'CONTADERO', 52);
INSERT INTO Ciudad(Id, Nombre, IdRegion) VALUES(52215, 'CÆRDOBA', 52);
INSERT INTO Ciudad(Id, Nombre, IdRegion) VALUES(52224, 'CUASPÖD', 52);
INSERT INTO Ciudad(Id, Nombre, IdRegion) VALUES(52227, 'CUMBAL', 52);
INSERT INTO Ciudad(Id, Nombre, IdRegion) VALUES(52233, 'CUMBITARA', 52);
INSERT INTO Ciudad(Id, Nombre, IdRegion) VALUES(52240, 'CHACHAGÉë', 52);
INSERT INTO Ciudad(Id, Nombre, IdRegion) VALUES(52250, 'EL CHARCO', 52);
INSERT INTO Ciudad(Id, Nombre, IdRegion) VALUES(52254, 'EL PEîOL', 52);
INSERT INTO Ciudad(Id, Nombre, IdRegion) VALUES(52256, 'EL ROSARIO', 52);
INSERT INTO Ciudad(Id, Nombre, IdRegion) VALUES(52258, 'EL TABLÆN DE GÆMEZ', 52);
INSERT INTO Ciudad(Id, Nombre, IdRegion) VALUES(52260, 'EL TAMBO', 52);
INSERT INTO Ciudad(Id, Nombre, IdRegion) VALUES(52287, 'FUNES', 52);
INSERT INTO Ciudad(Id, Nombre, IdRegion) VALUES(52317, 'GUACHUCAL', 52);
INSERT INTO Ciudad(Id, Nombre, IdRegion) VALUES(52320, 'GUAITARILLA', 52);
INSERT INTO Ciudad(Id, Nombre, IdRegion) VALUES(52323, 'GUALMATêN', 52);
INSERT INTO Ciudad(Id, Nombre, IdRegion) VALUES(52352, 'ILES', 52);
INSERT INTO Ciudad(Id, Nombre, IdRegion) VALUES(52354, 'IMUèS', 52);
INSERT INTO Ciudad(Id, Nombre, IdRegion) VALUES(52356, 'IPIALES', 52);
INSERT INTO Ciudad(Id, Nombre, IdRegion) VALUES(52378, 'LA CRUZ', 52);
INSERT INTO Ciudad(Id, Nombre, IdRegion) VALUES(52381, 'LA FLORIDA', 52);
INSERT INTO Ciudad(Id, Nombre, IdRegion) VALUES(52385, 'LA LLANADA', 52);
INSERT INTO Ciudad(Id, Nombre, IdRegion) VALUES(52390, 'LA TOLA', 52);
INSERT INTO Ciudad(Id, Nombre, IdRegion) VALUES(52399, 'LA UNIÆN', 52);
INSERT INTO Ciudad(Id, Nombre, IdRegion) VALUES(52405, 'LEIVA', 52);
INSERT INTO Ciudad(Id, Nombre, IdRegion) VALUES(52411, 'LINARES', 52);
INSERT INTO Ciudad(Id, Nombre, IdRegion) VALUES(52418, 'LOS ANDES (SOTOMAYOR)', 52);
INSERT INTO Ciudad(Id, Nombre, IdRegion) VALUES(52427, 'MAGÉë (PAYêN)', 52);
INSERT INTO Ciudad(Id, Nombre, IdRegion) VALUES(52435, 'MALLAMA (PIEDRANCHA)', 52);
INSERT INTO Ciudad(Id, Nombre, IdRegion) VALUES(52473, 'MOSQUERA', 52);
INSERT INTO Ciudad(Id, Nombre, IdRegion) VALUES(52480, 'NARIîO', 52);
INSERT INTO Ciudad(Id, Nombre, IdRegion) VALUES(52490, 'OLAYA HERRERA', 52);
INSERT INTO Ciudad(Id, Nombre, IdRegion) VALUES(52506, 'OSPINA', 52);
INSERT INTO Ciudad(Id, Nombre, IdRegion) VALUES(52520, 'FRANCISCO PIZARRO', 52);
INSERT INTO Ciudad(Id, Nombre, IdRegion) VALUES(52540, 'POLICARPA', 52);
INSERT INTO Ciudad(Id, Nombre, IdRegion) VALUES(52560, 'POTOSë', 52);
INSERT INTO Ciudad(Id, Nombre, IdRegion) VALUES(52565, 'PROVIDENCIA', 52);
INSERT INTO Ciudad(Id, Nombre, IdRegion) VALUES(52573, 'PUERRES', 52);
INSERT INTO Ciudad(Id, Nombre, IdRegion) VALUES(52585, 'PUPIALES', 52);
INSERT INTO Ciudad(Id, Nombre, IdRegion) VALUES(52612, 'RICAURTE', 52);
INSERT INTO Ciudad(Id, Nombre, IdRegion) VALUES(52621, 'ROBERTO PAYêN (SAN JOSè)', 52);
INSERT INTO Ciudad(Id, Nombre, IdRegion) VALUES(52678, 'SAMANIEGO', 52);
INSERT INTO Ciudad(Id, Nombre, IdRegion) VALUES(52683, 'SANDONê', 52);
INSERT INTO Ciudad(Id, Nombre, IdRegion) VALUES(52685, 'SAN BERNARDO', 52);
INSERT INTO Ciudad(Id, Nombre, IdRegion) VALUES(52687, 'SAN LORENZO', 52);
INSERT INTO Ciudad(Id, Nombre, IdRegion) VALUES(52693, 'SAN PABLO', 52);
INSERT INTO Ciudad(Id, Nombre, IdRegion) VALUES(52694, 'SAN PEDRO DE CARTAGO', 52);
INSERT INTO Ciudad(Id, Nombre, IdRegion) VALUES(52696, 'SANTA BêRBARA', 52);
INSERT INTO Ciudad(Id, Nombre, IdRegion) VALUES(52699, 'SANTACRUZ', 52);
INSERT INTO Ciudad(Id, Nombre, IdRegion) VALUES(52720, 'SAPUYES', 52);
INSERT INTO Ciudad(Id, Nombre, IdRegion) VALUES(52786, 'TAMINANGO', 52);
INSERT INTO Ciudad(Id, Nombre, IdRegion) VALUES(52788, 'TANGUA', 52);
INSERT INTO Ciudad(Id, Nombre, IdRegion) VALUES(52835, 'SAN ANDRèS DE TUMACO', 52);
INSERT INTO Ciudad(Id, Nombre, IdRegion) VALUES(52838, 'TÖQUERRES', 52);
INSERT INTO Ciudad(Id, Nombre, IdRegion) VALUES(52885, 'YACUANQUER', 52);
INSERT INTO Ciudad(Id, Nombre, IdRegion) VALUES(54001, 'CÖCUTA', 54);
INSERT INTO Ciudad(Id, Nombre, IdRegion) VALUES(54003, 'êBREGO', 54);
INSERT INTO Ciudad(Id, Nombre, IdRegion) VALUES(54051, 'ARBOLEDAS', 54);
INSERT INTO Ciudad(Id, Nombre, IdRegion) VALUES(54099, 'BOCHALEMA', 54);
INSERT INTO Ciudad(Id, Nombre, IdRegion) VALUES(54109, 'BUCARASICA', 54);
INSERT INTO Ciudad(Id, Nombre, IdRegion) VALUES(54125, 'CêCOTA DE VELASCO', 54);
INSERT INTO Ciudad(Id, Nombre, IdRegion) VALUES(54128, 'CêCHIRA', 54);
INSERT INTO Ciudad(Id, Nombre, IdRegion) VALUES(54172, 'CHINêCOTA', 54);
INSERT INTO Ciudad(Id, Nombre, IdRegion) VALUES(54174, 'CHITAGê', 54);
INSERT INTO Ciudad(Id, Nombre, IdRegion) VALUES(54206, 'CONVENCIÆN', 54);
INSERT INTO Ciudad(Id, Nombre, IdRegion) VALUES(54223, 'CUCUTILLA', 54);
INSERT INTO Ciudad(Id, Nombre, IdRegion) VALUES(54239, 'DURANIA', 54);
INSERT INTO Ciudad(Id, Nombre, IdRegion) VALUES(54245, 'EL CARMEN', 54);
INSERT INTO Ciudad(Id, Nombre, IdRegion) VALUES(54250, 'EL TARRA', 54);
INSERT INTO Ciudad(Id, Nombre, IdRegion) VALUES(54261, 'EL ZULIA', 54);
INSERT INTO Ciudad(Id, Nombre, IdRegion) VALUES(54313, 'GRAMALOTE', 54);
INSERT INTO Ciudad(Id, Nombre, IdRegion) VALUES(54344, 'HACARë', 54);
INSERT INTO Ciudad(Id, Nombre, IdRegion) VALUES(54347, 'HERRêN', 54);
INSERT INTO Ciudad(Id, Nombre, IdRegion) VALUES(54377, 'LABATECA', 54);
INSERT INTO Ciudad(Id, Nombre, IdRegion) VALUES(54385, 'LA ESPERANZA', 54);
INSERT INTO Ciudad(Id, Nombre, IdRegion) VALUES(54398, 'LA PLAYA DE BELèN', 54);
INSERT INTO Ciudad(Id, Nombre, IdRegion) VALUES(54405, 'LOS PATIOS', 54);
INSERT INTO Ciudad(Id, Nombre, IdRegion) VALUES(54418, 'LOURDES', 54);
INSERT INTO Ciudad(Id, Nombre, IdRegion) VALUES(54480, 'MUTISCUA', 54);
INSERT INTO Ciudad(Id, Nombre, IdRegion) VALUES(54498, 'OCAîA', 54);
INSERT INTO Ciudad(Id, Nombre, IdRegion) VALUES(54518, 'PAMPLONA', 54);
INSERT INTO Ciudad(Id, Nombre, IdRegion) VALUES(54520, 'PAMPLONITA', 54);
INSERT INTO Ciudad(Id, Nombre, IdRegion) VALUES(54553, 'PUERTO SANTANDER', 54);
INSERT INTO Ciudad(Id, Nombre, IdRegion) VALUES(54599, 'RAGONVALIA', 54);
INSERT INTO Ciudad(Id, Nombre, IdRegion) VALUES(54660, 'SALAZAR DE LAS PALMAS', 54);
INSERT INTO Ciudad(Id, Nombre, IdRegion) VALUES(54670, 'SAN CALIXTO', 54);
INSERT INTO Ciudad(Id, Nombre, IdRegion) VALUES(54673, 'SAN CAYETANO', 54);
INSERT INTO Ciudad(Id, Nombre, IdRegion) VALUES(54680, 'SANTIAGO', 54);
INSERT INTO Ciudad(Id, Nombre, IdRegion) VALUES(54720, 'SARDINATA', 54);
INSERT INTO Ciudad(Id, Nombre, IdRegion) VALUES(54743, 'SANTO DOMINGO DE SILOS', 54);
INSERT INTO Ciudad(Id, Nombre, IdRegion) VALUES(54800, 'TEORAMA', 54);
INSERT INTO Ciudad(Id, Nombre, IdRegion) VALUES(54810, 'TIBÖ ', 54);
INSERT INTO Ciudad(Id, Nombre, IdRegion) VALUES(54820, 'TOLEDO ', 54);
INSERT INTO Ciudad(Id, Nombre, IdRegion) VALUES(54871, 'VILLA CARO ', 54);
INSERT INTO Ciudad(Id, Nombre, IdRegion) VALUES(54874, 'VILLA DEL ROSARIO', 54);
INSERT INTO Ciudad(Id, Nombre, IdRegion) VALUES(63001, 'ARMENIA', 63);
INSERT INTO Ciudad(Id, Nombre, IdRegion) VALUES(63111, 'BUENAVISTA', 63);
INSERT INTO Ciudad(Id, Nombre, IdRegion) VALUES(63130, 'CALARCê', 63);
INSERT INTO Ciudad(Id, Nombre, IdRegion) VALUES(63190, 'CIRCASIA', 63);
INSERT INTO Ciudad(Id, Nombre, IdRegion) VALUES(63212, 'CÆRDOBA', 63);
INSERT INTO Ciudad(Id, Nombre, IdRegion) VALUES(63272, 'FILANDIA', 63);
INSERT INTO Ciudad(Id, Nombre, IdRegion) VALUES(63302, 'GèNOVA', 63);
INSERT INTO Ciudad(Id, Nombre, IdRegion) VALUES(63401, 'LA TEBAIDA', 63);
INSERT INTO Ciudad(Id, Nombre, IdRegion) VALUES(63470, 'MONTENEGRO', 63);
INSERT INTO Ciudad(Id, Nombre, IdRegion) VALUES(63548, 'PIJAO', 63);
INSERT INTO Ciudad(Id, Nombre, IdRegion) VALUES(63594, 'QUIMBAYA', 63);
INSERT INTO Ciudad(Id, Nombre, IdRegion) VALUES(63690, 'SALENTO', 63);
INSERT INTO Ciudad(Id, Nombre, IdRegion) VALUES(66001, 'PEREIRA', 66);
INSERT INTO Ciudad(Id, Nombre, IdRegion) VALUES(66045, 'APëA', 66);
INSERT INTO Ciudad(Id, Nombre, IdRegion) VALUES(66075, 'BALBOA', 66);
INSERT INTO Ciudad(Id, Nombre, IdRegion) VALUES(66088, 'BELèN DE UMBRëA', 66);
INSERT INTO Ciudad(Id, Nombre, IdRegion) VALUES(66170, 'DOSQUEBRADAS', 66);
INSERT INTO Ciudad(Id, Nombre, IdRegion) VALUES(66318, 'GUêTICA', 66);
INSERT INTO Ciudad(Id, Nombre, IdRegion) VALUES(66383, 'LA CELIA', 66);
INSERT INTO Ciudad(Id, Nombre, IdRegion) VALUES(66400, 'LA VIRGINIA', 66);
INSERT INTO Ciudad(Id, Nombre, IdRegion) VALUES(66440, 'MARSELLA', 66);
INSERT INTO Ciudad(Id, Nombre, IdRegion) VALUES(66456, 'MISTRATÆ', 66);
INSERT INTO Ciudad(Id, Nombre, IdRegion) VALUES(66572, 'PUEBLO RICO', 66);
INSERT INTO Ciudad(Id, Nombre, IdRegion) VALUES(66594, 'QUINCHëA', 66);
INSERT INTO Ciudad(Id, Nombre, IdRegion) VALUES(66682, 'SANTA ROSA DE CABAL', 66);
INSERT INTO Ciudad(Id, Nombre, IdRegion) VALUES(66687, 'SANTUARIO', 66);
INSERT INTO Ciudad(Id, Nombre, IdRegion) VALUES(68001, 'BUCARAMANGA', 68);
INSERT INTO Ciudad(Id, Nombre, IdRegion) VALUES(68013, 'AGUADA', 68);
INSERT INTO Ciudad(Id, Nombre, IdRegion) VALUES(68020, 'ALBANIA', 68);
INSERT INTO Ciudad(Id, Nombre, IdRegion) VALUES(68051, 'ARATOCA', 68);
INSERT INTO Ciudad(Id, Nombre, IdRegion) VALUES(68077, 'BARBOSA', 68);
INSERT INTO Ciudad(Id, Nombre, IdRegion) VALUES(68079, 'BARICHARA', 68);
INSERT INTO Ciudad(Id, Nombre, IdRegion) VALUES(68081, 'BARRANCABERMEJA', 68);
INSERT INTO Ciudad(Id, Nombre, IdRegion) VALUES(68092, 'BETULIA', 68);
INSERT INTO Ciudad(Id, Nombre, IdRegion) VALUES(68101, 'BOLëVAR', 68);
INSERT INTO Ciudad(Id, Nombre, IdRegion) VALUES(68121, 'CABRERA', 68);
INSERT INTO Ciudad(Id, Nombre, IdRegion) VALUES(68132, 'CALIFORNIA', 68);
INSERT INTO Ciudad(Id, Nombre, IdRegion) VALUES(68147, 'CAPITANEJO', 68);
INSERT INTO Ciudad(Id, Nombre, IdRegion) VALUES(68152, 'CARCASë', 68);
INSERT INTO Ciudad(Id, Nombre, IdRegion) VALUES(68160, 'CEPITê', 68);
INSERT INTO Ciudad(Id, Nombre, IdRegion) VALUES(68162, 'CERRITO', 68);
INSERT INTO Ciudad(Id, Nombre, IdRegion) VALUES(68167, 'CHARALê', 68);
INSERT INTO Ciudad(Id, Nombre, IdRegion) VALUES(68169, 'CHARTA', 68);
INSERT INTO Ciudad(Id, Nombre, IdRegion) VALUES(68176, 'CHIMA', 68);
INSERT INTO Ciudad(Id, Nombre, IdRegion) VALUES(68179, 'CHIPATê', 68);
INSERT INTO Ciudad(Id, Nombre, IdRegion) VALUES(68190, 'CIMITARRA', 68);
INSERT INTO Ciudad(Id, Nombre, IdRegion) VALUES(68207, 'CONCEPCIÆN', 68);
INSERT INTO Ciudad(Id, Nombre, IdRegion) VALUES(68209, 'CONFINES', 68);
INSERT INTO Ciudad(Id, Nombre, IdRegion) VALUES(68211, 'CONTRATACIÆN', 68);
INSERT INTO Ciudad(Id, Nombre, IdRegion) VALUES(68217, 'COROMORO', 68);
INSERT INTO Ciudad(Id, Nombre, IdRegion) VALUES(68229, 'CURITë', 68);
INSERT INTO Ciudad(Id, Nombre, IdRegion) VALUES(68235, 'EL CARMEN DE CHUCURë', 68);
INSERT INTO Ciudad(Id, Nombre, IdRegion) VALUES(68245, 'EL GUACAMAYO', 68);
INSERT INTO Ciudad(Id, Nombre, IdRegion) VALUES(68250, 'EL PEîÆN', 68);
INSERT INTO Ciudad(Id, Nombre, IdRegion) VALUES(68255, 'EL PLAYÆN', 68);
INSERT INTO Ciudad(Id, Nombre, IdRegion) VALUES(68264, 'ENCINO', 68);
INSERT INTO Ciudad(Id, Nombre, IdRegion) VALUES(68266, 'ENCISO', 68);
INSERT INTO Ciudad(Id, Nombre, IdRegion) VALUES(68271, 'FLORIêN', 68);
INSERT INTO Ciudad(Id, Nombre, IdRegion) VALUES(68276, 'FLORIDABLANCA', 68);
INSERT INTO Ciudad(Id, Nombre, IdRegion) VALUES(68296, 'GALêN', 68);
INSERT INTO Ciudad(Id, Nombre, IdRegion) VALUES(68298, 'GêMBITA', 68);
INSERT INTO Ciudad(Id, Nombre, IdRegion) VALUES(68307, 'GIRÆN', 68);
INSERT INTO Ciudad(Id, Nombre, IdRegion) VALUES(68318, 'GUACA', 68);
INSERT INTO Ciudad(Id, Nombre, IdRegion) VALUES(68320, 'GUADALUPE', 68);
INSERT INTO Ciudad(Id, Nombre, IdRegion) VALUES(68322, 'GUAPOTê', 68);
INSERT INTO Ciudad(Id, Nombre, IdRegion) VALUES(68324, 'GUAVATê', 68);
INSERT INTO Ciudad(Id, Nombre, IdRegion) VALUES(68327, 'GÉEPSA', 68);
INSERT INTO Ciudad(Id, Nombre, IdRegion) VALUES(68344, 'HATO', 68);
INSERT INTO Ciudad(Id, Nombre, IdRegion) VALUES(68368, 'JESÖS MARëA', 68);
INSERT INTO Ciudad(Id, Nombre, IdRegion) VALUES(68370, 'JORDêN', 68);
INSERT INTO Ciudad(Id, Nombre, IdRegion) VALUES(68377, 'LA BELLEZA', 68);
INSERT INTO Ciudad(Id, Nombre, IdRegion) VALUES(68385, 'LANDêZURI', 68);
INSERT INTO Ciudad(Id, Nombre, IdRegion) VALUES(68397, 'LA PAZ', 68);
INSERT INTO Ciudad(Id, Nombre, IdRegion) VALUES(68406, 'LEBRIJA', 68);
INSERT INTO Ciudad(Id, Nombre, IdRegion) VALUES(68418, 'LOS SANTOS', 68);
INSERT INTO Ciudad(Id, Nombre, IdRegion) VALUES(68425, 'MACARAVITA', 68);
INSERT INTO Ciudad(Id, Nombre, IdRegion) VALUES(68432, 'MêLAGA', 68);
INSERT INTO Ciudad(Id, Nombre, IdRegion) VALUES(68444, 'MATANZA', 68);
INSERT INTO Ciudad(Id, Nombre, IdRegion) VALUES(68464, 'MOGOTES', 68);
INSERT INTO Ciudad(Id, Nombre, IdRegion) VALUES(68468, 'MOLAGAVITA', 68);
INSERT INTO Ciudad(Id, Nombre, IdRegion) VALUES(68498, 'OCAMONTE', 68);
INSERT INTO Ciudad(Id, Nombre, IdRegion) VALUES(68500, 'OIBA', 68);
INSERT INTO Ciudad(Id, Nombre, IdRegion) VALUES(68502, 'ONZAGA', 68);
INSERT INTO Ciudad(Id, Nombre, IdRegion) VALUES(68522, 'PALMAR', 68);
INSERT INTO Ciudad(Id, Nombre, IdRegion) VALUES(68524, 'PALMAS DEL SOCORRO', 68);
INSERT INTO Ciudad(Id, Nombre, IdRegion) VALUES(68533, 'PêRAMO', 68);
INSERT INTO Ciudad(Id, Nombre, IdRegion) VALUES(68547, 'PIEDECUESTA', 68);
INSERT INTO Ciudad(Id, Nombre, IdRegion) VALUES(68549, 'PINCHOTE', 68);
INSERT INTO Ciudad(Id, Nombre, IdRegion) VALUES(68572, 'PUENTE NACIONAL', 68);
INSERT INTO Ciudad(Id, Nombre, IdRegion) VALUES(68573, 'PUERTO PARRA ', 68);
INSERT INTO Ciudad(Id, Nombre, IdRegion) VALUES(68575, 'PUERTO WILCHES', 68);
INSERT INTO Ciudad(Id, Nombre, IdRegion) VALUES(68615, 'RIONEGRO', 68);
INSERT INTO Ciudad(Id, Nombre, IdRegion) VALUES(68655, 'SABANA DE TORRES', 68);
INSERT INTO Ciudad(Id, Nombre, IdRegion) VALUES(68669, 'SAN ANDRèS', 68);
INSERT INTO Ciudad(Id, Nombre, IdRegion) VALUES(68673, 'SAN BENITO', 68);
INSERT INTO Ciudad(Id, Nombre, IdRegion) VALUES(68679, 'SAN GIL', 68);
INSERT INTO Ciudad(Id, Nombre, IdRegion) VALUES(68682, 'SAN JOAQUëN', 68);
INSERT INTO Ciudad(Id, Nombre, IdRegion) VALUES(68684, 'SAN JOSè DE MIRANDA', 68);
INSERT INTO Ciudad(Id, Nombre, IdRegion) VALUES(68686, 'SAN MIGUEL', 68);
INSERT INTO Ciudad(Id, Nombre, IdRegion) VALUES(68689, 'SAN VICENTE DE CHUCURë', 68);
INSERT INTO Ciudad(Id, Nombre, IdRegion) VALUES(68705, 'SANTA BêRBARA', 68);
INSERT INTO Ciudad(Id, Nombre, IdRegion) VALUES(68720, 'SANTA HELENA DEL OPÆN', 68);
INSERT INTO Ciudad(Id, Nombre, IdRegion) VALUES(68745, 'SIMACOTA', 68);
INSERT INTO Ciudad(Id, Nombre, IdRegion) VALUES(68755, 'SOCORRO', 68);
INSERT INTO Ciudad(Id, Nombre, IdRegion) VALUES(68770, 'SUAITA', 68);
INSERT INTO Ciudad(Id, Nombre, IdRegion) VALUES(68773, 'SUCRE', 68);
INSERT INTO Ciudad(Id, Nombre, IdRegion) VALUES(68780, 'SURATê', 68);
INSERT INTO Ciudad(Id, Nombre, IdRegion) VALUES(68820, 'TONA', 68);
INSERT INTO Ciudad(Id, Nombre, IdRegion) VALUES(68855, 'VALLE DE SAN JOSè', 68);
INSERT INTO Ciudad(Id, Nombre, IdRegion) VALUES(68861, 'VèLEZ', 68);
INSERT INTO Ciudad(Id, Nombre, IdRegion) VALUES(68867, 'VETAS', 68);
INSERT INTO Ciudad(Id, Nombre, IdRegion) VALUES(68872, 'VILLANUEVA', 68);
INSERT INTO Ciudad(Id, Nombre, IdRegion) VALUES(68895, 'ZAPATOCA', 68);
INSERT INTO Ciudad(Id, Nombre, IdRegion) VALUES(70001, 'SINCELEJO', 70);
INSERT INTO Ciudad(Id, Nombre, IdRegion) VALUES(70110, 'BUENAVISTA', 70);
INSERT INTO Ciudad(Id, Nombre, IdRegion) VALUES(70124, 'CAIMITO', 70);
INSERT INTO Ciudad(Id, Nombre, IdRegion) VALUES(70204, 'COLOSÆ', 70);
INSERT INTO Ciudad(Id, Nombre, IdRegion) VALUES(70215, 'COROZAL', 70);
INSERT INTO Ciudad(Id, Nombre, IdRegion) VALUES(70221, 'COVEîAS', 70);
INSERT INTO Ciudad(Id, Nombre, IdRegion) VALUES(70230, 'CHALêN', 70);
INSERT INTO Ciudad(Id, Nombre, IdRegion) VALUES(70233, 'EL ROBLE', 70);
INSERT INTO Ciudad(Id, Nombre, IdRegion) VALUES(70235, 'GALERAS', 70);
INSERT INTO Ciudad(Id, Nombre, IdRegion) VALUES(70265, 'GUARANDA', 70);
INSERT INTO Ciudad(Id, Nombre, IdRegion) VALUES(70400, 'LA UNIÆN', 70);
INSERT INTO Ciudad(Id, Nombre, IdRegion) VALUES(70418, 'LOS PALMITOS', 70);
INSERT INTO Ciudad(Id, Nombre, IdRegion) VALUES(70429, 'MAJAGUAL', 70);
INSERT INTO Ciudad(Id, Nombre, IdRegion) VALUES(70473, 'MORROA', 70);
INSERT INTO Ciudad(Id, Nombre, IdRegion) VALUES(70508, 'OVEJAS', 70);
INSERT INTO Ciudad(Id, Nombre, IdRegion) VALUES(70523, 'PALMITO', 70);
INSERT INTO Ciudad(Id, Nombre, IdRegion) VALUES(70670, 'SAMPUèS', 70);
INSERT INTO Ciudad(Id, Nombre, IdRegion) VALUES(70678, 'SAN BENITO ABAD', 70);
INSERT INTO Ciudad(Id, Nombre, IdRegion) VALUES(70702, 'SAN JUAN DE BETULIA', 70);
INSERT INTO Ciudad(Id, Nombre, IdRegion) VALUES(70708, 'SAN MARCOS', 70);
INSERT INTO Ciudad(Id, Nombre, IdRegion) VALUES(70713, 'SAN ONOFRE', 70);
INSERT INTO Ciudad(Id, Nombre, IdRegion) VALUES(70717, 'SAN PEDRO', 70);
INSERT INTO Ciudad(Id, Nombre, IdRegion) VALUES(70742, 'SAN LUIS DE SINCè', 70);
INSERT INTO Ciudad(Id, Nombre, IdRegion) VALUES(70771, 'SUCRE', 70);
INSERT INTO Ciudad(Id, Nombre, IdRegion) VALUES(70820, 'SANTIAGO DE TOLÖ', 70);
INSERT INTO Ciudad(Id, Nombre, IdRegion) VALUES(70823, 'TOLÖ VIEJO', 70);
INSERT INTO Ciudad(Id, Nombre, IdRegion) VALUES(73001, 'IBAGUè', 73);
INSERT INTO Ciudad(Id, Nombre, IdRegion) VALUES(73024, 'ALPUJARRA', 73);
INSERT INTO Ciudad(Id, Nombre, IdRegion) VALUES(73026, 'ALVARADO', 73);
INSERT INTO Ciudad(Id, Nombre, IdRegion) VALUES(73030, 'AMBALEMA', 73);
INSERT INTO Ciudad(Id, Nombre, IdRegion) VALUES(73043, 'ANZOêTEGUI', 73);
INSERT INTO Ciudad(Id, Nombre, IdRegion) VALUES(73055, 'ARMERO (GUAYABAL)', 73);
INSERT INTO Ciudad(Id, Nombre, IdRegion) VALUES(73067, 'ATACO', 73);
INSERT INTO Ciudad(Id, Nombre, IdRegion) VALUES(73124, 'CAJAMARCA', 73);
INSERT INTO Ciudad(Id, Nombre, IdRegion) VALUES(73148, 'CARMEN DE APICALê', 73);
INSERT INTO Ciudad(Id, Nombre, IdRegion) VALUES(73152, 'CASABIANCA', 73);
INSERT INTO Ciudad(Id, Nombre, IdRegion) VALUES(73168, 'CHAPARRAL', 73);
INSERT INTO Ciudad(Id, Nombre, IdRegion) VALUES(73200, 'COELLO', 73);
INSERT INTO Ciudad(Id, Nombre, IdRegion) VALUES(73217, 'COYAIMA', 73);
INSERT INTO Ciudad(Id, Nombre, IdRegion) VALUES(73226, 'CUNDAY', 73);
INSERT INTO Ciudad(Id, Nombre, IdRegion) VALUES(73236, 'DOLORES', 73);
INSERT INTO Ciudad(Id, Nombre, IdRegion) VALUES(73268, 'ESPINAL', 73);
INSERT INTO Ciudad(Id, Nombre, IdRegion) VALUES(73270, 'FALAN', 73);
INSERT INTO Ciudad(Id, Nombre, IdRegion) VALUES(73275, 'FLANDES', 73);
INSERT INTO Ciudad(Id, Nombre, IdRegion) VALUES(73283, 'FRESNO', 73);
INSERT INTO Ciudad(Id, Nombre, IdRegion) VALUES(73319, 'GUAMO', 73);
INSERT INTO Ciudad(Id, Nombre, IdRegion) VALUES(73347, 'HERVEO', 73);
INSERT INTO Ciudad(Id, Nombre, IdRegion) VALUES(73349, 'HONDA', 73);
INSERT INTO Ciudad(Id, Nombre, IdRegion) VALUES(73352, 'ICONONZO', 73);
INSERT INTO Ciudad(Id, Nombre, IdRegion) VALUES(73408, 'LèRIDA', 73);
INSERT INTO Ciudad(Id, Nombre, IdRegion) VALUES(73411, 'LëBANO', 73);
INSERT INTO Ciudad(Id, Nombre, IdRegion) VALUES(73443, 'SAN SEBASTIêN DE MARIQUITA', 73);
INSERT INTO Ciudad(Id, Nombre, IdRegion) VALUES(73449, 'MELGAR', 73);
INSERT INTO Ciudad(Id, Nombre, IdRegion) VALUES(73461, 'MURILLO', 73);
INSERT INTO Ciudad(Id, Nombre, IdRegion) VALUES(73483, 'NATAGAIMA', 73);
INSERT INTO Ciudad(Id, Nombre, IdRegion) VALUES(73504, 'ORTEGA', 73);
INSERT INTO Ciudad(Id, Nombre, IdRegion) VALUES(73520, 'PALOCABILDO', 73);
INSERT INTO Ciudad(Id, Nombre, IdRegion) VALUES(73547, 'PIEDRAS', 73);
INSERT INTO Ciudad(Id, Nombre, IdRegion) VALUES(73555, 'PLANADAS', 73);
INSERT INTO Ciudad(Id, Nombre, IdRegion) VALUES(73563, 'PRADO', 73);
INSERT INTO Ciudad(Id, Nombre, IdRegion) VALUES(73585, 'PURIFICACIÆN', 73);
INSERT INTO Ciudad(Id, Nombre, IdRegion) VALUES(73616, 'RIOBLANCO', 73);
INSERT INTO Ciudad(Id, Nombre, IdRegion) VALUES(73622, 'RONCESVALLES', 73);
INSERT INTO Ciudad(Id, Nombre, IdRegion) VALUES(73624, 'ROVIRA', 73);
INSERT INTO Ciudad(Id, Nombre, IdRegion) VALUES(73671, 'SALDAîA', 73);
INSERT INTO Ciudad(Id, Nombre, IdRegion) VALUES(73675, 'SAN ANTONIO', 73);
INSERT INTO Ciudad(Id, Nombre, IdRegion) VALUES(73678, 'SAN LUIS', 73);
INSERT INTO Ciudad(Id, Nombre, IdRegion) VALUES(73686, 'SANTA ISABEL', 73);
INSERT INTO Ciudad(Id, Nombre, IdRegion) VALUES(73770, 'SUêREZ', 73);
INSERT INTO Ciudad(Id, Nombre, IdRegion) VALUES(73854, 'VALLE DE SAN JUAN', 73);
INSERT INTO Ciudad(Id, Nombre, IdRegion) VALUES(73861, 'VENADILLO', 73);
INSERT INTO Ciudad(Id, Nombre, IdRegion) VALUES(73870, 'VILLAHERMOSA', 73);
INSERT INTO Ciudad(Id, Nombre, IdRegion) VALUES(73873, 'VILLARRICA', 73);
INSERT INTO Ciudad(Id, Nombre, IdRegion) VALUES(76001, 'CALI', 76);
INSERT INTO Ciudad(Id, Nombre, IdRegion) VALUES(76020, 'ALCALê', 76);
INSERT INTO Ciudad(Id, Nombre, IdRegion) VALUES(76036, 'ANDALUCëA', 76);
INSERT INTO Ciudad(Id, Nombre, IdRegion) VALUES(76041, 'ANSERMANUEVO', 76);
INSERT INTO Ciudad(Id, Nombre, IdRegion) VALUES(76054, 'ARGELIA ', 76);
INSERT INTO Ciudad(Id, Nombre, IdRegion) VALUES(76100, 'BOLëVAR', 76);
INSERT INTO Ciudad(Id, Nombre, IdRegion) VALUES(76109, 'BUENAVENTURA', 76);
INSERT INTO Ciudad(Id, Nombre, IdRegion) VALUES(76111, 'GUADALAJARA DE BUGA', 76);
INSERT INTO Ciudad(Id, Nombre, IdRegion) VALUES(76113, 'BUGALAGRANDE', 76);
INSERT INTO Ciudad(Id, Nombre, IdRegion) VALUES(76122, 'CAICEDONIA', 76);
INSERT INTO Ciudad(Id, Nombre, IdRegion) VALUES(76126, 'CALIMA (DARIEN)', 76);
INSERT INTO Ciudad(Id, Nombre, IdRegion) VALUES(76130, 'CANDELARIA', 76);
INSERT INTO Ciudad(Id, Nombre, IdRegion) VALUES(76147, 'CARTAGO', 76);
INSERT INTO Ciudad(Id, Nombre, IdRegion) VALUES(76233, 'DAGUA', 76);
INSERT INTO Ciudad(Id, Nombre, IdRegion) VALUES(76243, 'EL êGUILA', 76);
INSERT INTO Ciudad(Id, Nombre, IdRegion) VALUES(76246, 'EL CAIRO', 76);
INSERT INTO Ciudad(Id, Nombre, IdRegion) VALUES(76248, 'EL CERRITO', 76);
INSERT INTO Ciudad(Id, Nombre, IdRegion) VALUES(76250, 'EL DOVIO', 76);
INSERT INTO Ciudad(Id, Nombre, IdRegion) VALUES(76275, 'FLORIDA', 76);
INSERT INTO Ciudad(Id, Nombre, IdRegion) VALUES(76306, 'GINEBRA', 76);
INSERT INTO Ciudad(Id, Nombre, IdRegion) VALUES(76318, 'GUACARë', 76);
INSERT INTO Ciudad(Id, Nombre, IdRegion) VALUES(76364, 'JAMUNDë', 76);
INSERT INTO Ciudad(Id, Nombre, IdRegion) VALUES(76377, 'LA CUMBRE', 76);
INSERT INTO Ciudad(Id, Nombre, IdRegion) VALUES(76400, 'LA UNIÆN', 76);
INSERT INTO Ciudad(Id, Nombre, IdRegion) VALUES(76403, 'LA VICTORIA', 76);
INSERT INTO Ciudad(Id, Nombre, IdRegion) VALUES(76497, 'OBANDO', 76);
INSERT INTO Ciudad(Id, Nombre, IdRegion) VALUES(76520, 'PALMIRA', 76);
INSERT INTO Ciudad(Id, Nombre, IdRegion) VALUES(76563, 'PRADERA', 76);
INSERT INTO Ciudad(Id, Nombre, IdRegion) VALUES(76606, 'RESTREPO', 76);
INSERT INTO Ciudad(Id, Nombre, IdRegion) VALUES(76616, 'RIOFRëO', 76);
INSERT INTO Ciudad(Id, Nombre, IdRegion) VALUES(76622, 'ROLDANILLO', 76);
INSERT INTO Ciudad(Id, Nombre, IdRegion) VALUES(76670, 'SAN PEDRO', 76);
INSERT INTO Ciudad(Id, Nombre, IdRegion) VALUES(76736, 'SEVILLA', 76);
INSERT INTO Ciudad(Id, Nombre, IdRegion) VALUES(76823, 'TORO', 76);
INSERT INTO Ciudad(Id, Nombre, IdRegion) VALUES(76828, 'TRUJILLO', 76);
INSERT INTO Ciudad(Id, Nombre, IdRegion) VALUES(76834, 'TULUê', 76);
INSERT INTO Ciudad(Id, Nombre, IdRegion) VALUES(76845, 'ULLOA', 76);
INSERT INTO Ciudad(Id, Nombre, IdRegion) VALUES(76863, 'VERSALLES', 76);
INSERT INTO Ciudad(Id, Nombre, IdRegion) VALUES(76869, 'VIJES', 76);
INSERT INTO Ciudad(Id, Nombre, IdRegion) VALUES(76890, 'YOTOCO', 76);
INSERT INTO Ciudad(Id, Nombre, IdRegion) VALUES(76892, 'YUMBO', 76);
INSERT INTO Ciudad(Id, Nombre, IdRegion) VALUES(76895, 'ZARZAL', 76);
INSERT INTO Ciudad(Id, Nombre, IdRegion) VALUES(81001, 'ARAUCA', 81);
INSERT INTO Ciudad(Id, Nombre, IdRegion) VALUES(81065, 'ARAUQUITA', 81);
INSERT INTO Ciudad(Id, Nombre, IdRegion) VALUES(81220, 'CRAVO NORTE', 81);
INSERT INTO Ciudad(Id, Nombre, IdRegion) VALUES(81300, 'FORTUL', 81);
INSERT INTO Ciudad(Id, Nombre, IdRegion) VALUES(81591, 'PUERTO RONDÆN', 81);
INSERT INTO Ciudad(Id, Nombre, IdRegion) VALUES(81736, 'SARAVENA', 81);
INSERT INTO Ciudad(Id, Nombre, IdRegion) VALUES(81794, 'TAME', 81);
INSERT INTO Ciudad(Id, Nombre, IdRegion) VALUES(85001, 'YOPAL', 85);
INSERT INTO Ciudad(Id, Nombre, IdRegion) VALUES(85010, 'AGUAZUL', 85);
INSERT INTO Ciudad(Id, Nombre, IdRegion) VALUES(85015, 'CHêMEZA', 85);
INSERT INTO Ciudad(Id, Nombre, IdRegion) VALUES(85125, 'HATO COROZAL', 85);
INSERT INTO Ciudad(Id, Nombre, IdRegion) VALUES(85136, 'LA SALINA', 85);
INSERT INTO Ciudad(Id, Nombre, IdRegion) VALUES(85139, 'MANë', 85);
INSERT INTO Ciudad(Id, Nombre, IdRegion) VALUES(85162, 'MONTERREY', 85);
INSERT INTO Ciudad(Id, Nombre, IdRegion) VALUES(85225, 'NUNCHëA', 85);
INSERT INTO Ciudad(Id, Nombre, IdRegion) VALUES(85230, 'OROCUè', 85);
INSERT INTO Ciudad(Id, Nombre, IdRegion) VALUES(85250, 'PAZ DE ARIPORO', 85);
INSERT INTO Ciudad(Id, Nombre, IdRegion) VALUES(85263, 'PORE', 85);
INSERT INTO Ciudad(Id, Nombre, IdRegion) VALUES(85279, 'RECETOR', 85);
INSERT INTO Ciudad(Id, Nombre, IdRegion) VALUES(85300, 'SABANALARGA', 85);
INSERT INTO Ciudad(Id, Nombre, IdRegion) VALUES(85315, 'SêCAMA', 85);
INSERT INTO Ciudad(Id, Nombre, IdRegion) VALUES(85325, 'SAN LUIS DE PALENQUE', 85);
INSERT INTO Ciudad(Id, Nombre, IdRegion) VALUES(85400, 'TêMARA', 85);
INSERT INTO Ciudad(Id, Nombre, IdRegion) VALUES(85410, 'TAURAMENA', 85);
INSERT INTO Ciudad(Id, Nombre, IdRegion) VALUES(85430, 'TRINIDAD', 85);
INSERT INTO Ciudad(Id, Nombre, IdRegion) VALUES(85440, 'VILLANUEVA', 85);
INSERT INTO Ciudad(Id, Nombre, IdRegion) VALUES(86001, 'MOCOA', 86);
INSERT INTO Ciudad(Id, Nombre, IdRegion) VALUES(86219, 'COLÆN', 86);
INSERT INTO Ciudad(Id, Nombre, IdRegion) VALUES(86320, 'ORITO', 86);
INSERT INTO Ciudad(Id, Nombre, IdRegion) VALUES(86568, 'PUERTO ASëS', 86);
INSERT INTO Ciudad(Id, Nombre, IdRegion) VALUES(86569, 'PUERTO CAICEDO', 86);
INSERT INTO Ciudad(Id, Nombre, IdRegion) VALUES(86571, 'PUERTO GUZMêN', 86);
INSERT INTO Ciudad(Id, Nombre, IdRegion) VALUES(86573, 'PUERTO LEGUëZAMO', 86);
INSERT INTO Ciudad(Id, Nombre, IdRegion) VALUES(86749, 'SIBUNDOY', 86);
INSERT INTO Ciudad(Id, Nombre, IdRegion) VALUES(86755, 'SAN FRANCISCO', 86);
INSERT INTO Ciudad(Id, Nombre, IdRegion) VALUES(86757, 'SAN MIGUEL', 86);
INSERT INTO Ciudad(Id, Nombre, IdRegion) VALUES(86760, 'SANTIAGO', 86);
INSERT INTO Ciudad(Id, Nombre, IdRegion) VALUES(86865, 'VALLE DEL GUAMUEZ', 86);
INSERT INTO Ciudad(Id, Nombre, IdRegion) VALUES(86885, 'VILLAGARZÆN', 86);
INSERT INTO Ciudad(Id, Nombre, IdRegion) VALUES(88001, 'SAN ANDRèS', 88);
INSERT INTO Ciudad(Id, Nombre, IdRegion) VALUES(88564, 'PROVIDENCIA', 88);
INSERT INTO Ciudad(Id, Nombre, IdRegion) VALUES(91001, 'LETICIA', 91);
INSERT INTO Ciudad(Id, Nombre, IdRegion) VALUES(91263, 'EL ENCANTO', 91);
INSERT INTO Ciudad(Id, Nombre, IdRegion) VALUES(91405, 'LA CHORRERA', 91);
INSERT INTO Ciudad(Id, Nombre, IdRegion) VALUES(91407, 'LA PEDRERA', 91);
INSERT INTO Ciudad(Id, Nombre, IdRegion) VALUES(91430, 'LA VICTORIA', 91);
INSERT INTO Ciudad(Id, Nombre, IdRegion) VALUES(91460, 'MIRITë  PARANê', 91);
INSERT INTO Ciudad(Id, Nombre, IdRegion) VALUES(91530, 'PUERTO ALEGRëA', 91);
INSERT INTO Ciudad(Id, Nombre, IdRegion) VALUES(91536, 'PUERTO ARICA', 91);
INSERT INTO Ciudad(Id, Nombre, IdRegion) VALUES(91540, 'PUERTO NARIîO', 91);
INSERT INTO Ciudad(Id, Nombre, IdRegion) VALUES(91669, 'PUERTO SANTANDER', 91);
INSERT INTO Ciudad(Id, Nombre, IdRegion) VALUES(91798, 'TARAPACê', 91);
INSERT INTO Ciudad(Id, Nombre, IdRegion) VALUES(94001, 'INëRIDA', 94);
INSERT INTO Ciudad(Id, Nombre, IdRegion) VALUES(94343, 'BARRANCOMINAS', 94);
INSERT INTO Ciudad(Id, Nombre, IdRegion) VALUES(94663, 'MAPIRIPANA', 94);
INSERT INTO Ciudad(Id, Nombre, IdRegion) VALUES(94883, 'SAN FELIPE', 94);
INSERT INTO Ciudad(Id, Nombre, IdRegion) VALUES(94884, 'PUERTO COLOMBIA', 94);
INSERT INTO Ciudad(Id, Nombre, IdRegion) VALUES(94885, 'LA GUADALUPE', 94);
INSERT INTO Ciudad(Id, Nombre, IdRegion) VALUES(94886, 'CACAHUAL', 94);
INSERT INTO Ciudad(Id, Nombre, IdRegion) VALUES(94887, 'PANA PANA', 94);
INSERT INTO Ciudad(Id, Nombre, IdRegion) VALUES(94888, 'MORICHAL NUEVO', 94);
INSERT INTO Ciudad(Id, Nombre, IdRegion) VALUES(95001, 'SAN JOSè DEL GUAVIARE', 95);
INSERT INTO Ciudad(Id, Nombre, IdRegion) VALUES(95015, 'CALAMAR', 95);
INSERT INTO Ciudad(Id, Nombre, IdRegion) VALUES(95025, 'EL RETORNO', 95);
INSERT INTO Ciudad(Id, Nombre, IdRegion) VALUES(95200, 'MIRAFLORES', 95);
INSERT INTO Ciudad(Id, Nombre, IdRegion) VALUES(97001, 'MITÖ', 97);
INSERT INTO Ciudad(Id, Nombre, IdRegion) VALUES(97161, 'CARURÖ', 97);
INSERT INTO Ciudad(Id, Nombre, IdRegion) VALUES(97511, 'PACOA', 97);
INSERT INTO Ciudad(Id, Nombre, IdRegion) VALUES(97666, 'TARAIRA', 97);
INSERT INTO Ciudad(Id, Nombre, IdRegion) VALUES(97777, 'PAPUNAHUA', 97);
INSERT INTO Ciudad(Id, Nombre, IdRegion) VALUES(97889, 'YAVARATè', 97);
INSERT INTO Ciudad(Id, Nombre, IdRegion) VALUES(99001, 'PUERTO CARREîO', 99);
INSERT INTO Ciudad(Id, Nombre, IdRegion) VALUES(99524, 'LA PRIMAVERA', 99);
INSERT INTO Ciudad(Id, Nombre, IdRegion) VALUES(99624, 'SANTA ROSALëA', 99);
INSERT INTO Ciudad(Id, Nombre, IdRegion) VALUES(99773, 'CUMARIBO', 99);
SET IDENTITY_INSERT Ciudad OFF


INSERT INTO Plataforma(Nombre, Portable, Aþo) VALUES('Atari 2600', 0, 1977)
INSERT INTO Plataforma(Nombre, Portable, Aþo) VALUES('Nintendo Entertainment System (NES)', 0, 1983)
INSERT INTO Plataforma(Nombre, Portable, Aþo) VALUES('Sega Master System', 0, 1985)
INSERT INTO Plataforma(Nombre, Portable, Aþo) VALUES('Game Boy', 1, 1989)
INSERT INTO Plataforma(Nombre, Portable, Aþo) VALUES('Sega Game Gear', 1, 1990)
INSERT INTO Plataforma(Nombre, Portable, Aþo) VALUES('Super Nintendo (SNES)', 0, 1990)
INSERT INTO Plataforma(Nombre, Portable, Aþo) VALUES('PlayStation', 0, 1994)
INSERT INTO Plataforma(Nombre, Portable, Aþo) VALUES('PlayStation 2', 0, 2000)
INSERT INTO Plataforma(Nombre, Portable, Aþo) VALUES('PlayStation 3', 0, 2006)
INSERT INTO Plataforma(Nombre, Portable, Aþo) VALUES('PlayStation 4', 0, 2013)
INSERT INTO Plataforma(Nombre, Portable, Aþo) VALUES('PlayStation 5', 0, 2020)
INSERT INTO Plataforma(Nombre, Portable, Aþo) VALUES('Nintendo 64', 0, 1996)
INSERT INTO Plataforma(Nombre, Portable, Aþo) VALUES('Nintendo DS', 1, 2004)
INSERT INTO Plataforma(Nombre, Portable, Aþo) VALUES('Nintendo Wii', 0, 2006)
INSERT INTO Plataforma(Nombre, Portable, Aþo) VALUES('Nintendo 3DS', 1, 2011)
INSERT INTO Plataforma(Nombre, Portable, Aþo) VALUES('Nintendo Switch', 1, 2017)
INSERT INTO Plataforma(Nombre, Portable, Aþo) VALUES('PlayStation Portable (PSP)', 1, 2004)
INSERT INTO Plataforma(Nombre, Portable, Aþo) VALUES('PlayStation Vita', 1, 2011)
INSERT INTO Plataforma(Nombre, Portable, Aþo) VALUES('Xbox One', 0, 2013)


INSERT INTO Categoria(Nombre, Descripcion) VALUES('Acciµn', 'Juegos con ritmo rÃpido que requieren reflejos y coordinaciµn (ej. Call of Duty, Doom).')
INSERT INTO Categoria(Nombre, Descripcion) VALUES('Aventura', 'Basados en exploraciµn y narrativa, con resoluciµn de acertijos (ej. The Legend of Zelda).')
INSERT INTO Categoria(Nombre, Descripcion) VALUES('Plataformas', 'El jugador salta y se desplaza por escenarios (ej. Super Mario Bros, Celeste).')
INSERT INTO Categoria(Nombre, Descripcion) VALUES('Shooter (FPS/TPS)', 'Disparos en primera o tercera persona (ej. Halo, Fortnite).')
INSERT INTO Categoria(Nombre, Descripcion) VALUES('Lucha', 'Combates uno contra uno o en equipos (ej. Street Fighter, Tekken).')
INSERT INTO Categoria(Nombre, Descripcion) VALUES('Carreras', 'Competencias de velocidad en vehÚculos (ej. Mario Kart, Gran Turismo).')
INSERT INTO Categoria(Nombre, Descripcion) VALUES('Deportes', 'Simulan deportes reales (ej. FIFA, NBA 2K).')
INSERT INTO Categoria(Nombre, Descripcion) VALUES('Rol (RPG)', 'Desarrollo de personajes, historia y misiones (ej. Final Fantasy, The Witcher 3).')
INSERT INTO Categoria(Nombre, Descripcion) VALUES('Acciµn-RPG', 'Combina combate activo con progresiµn de RPG (ej. Dark Souls, Diablo).')
INSERT INTO Categoria(Nombre, Descripcion) VALUES('Estrategia', 'Planificaciµn y toma de decisiones (ej. Age of Empires, StarCraft).')
INSERT INTO Categoria(Nombre, Descripcion) VALUES('Simulaciµn', 'Recrea actividades reales (ej. The Sims, Flight Simulator).')
INSERT INTO Categoria(Nombre, Descripcion) VALUES('Sandbox / Mundo abierto', 'Libertad total para explorar y crear (ej. Minecraft, GTA V).')
INSERT INTO Categoria(Nombre, Descripcion) VALUES('Survival', 'Enfocado en sobrevivir con recursos limitados (ej. Rust, ARK: Survival Evolved).')
INSERT INTO Categoria(Nombre, Descripcion) VALUES('Terror (Horror)', 'Causar tensiµn y miedo al jugador (ej. Resident Evil, Silent Hill).')
INSERT INTO Categoria(Nombre, Descripcion) VALUES('Puzles', 'Resolver acertijos y desafÚos lµgicos (ej. Tetris, Portal).')
INSERT INTO Categoria(Nombre, Descripcion) VALUES('Battle Royale', 'Muchos jugadores compiten hasta que queda uno (ej. PUBG, Fortnite).')
INSERT INTO Categoria(Nombre, Descripcion) VALUES('Musical / Ritmo', 'Seguir patrones musicales (ej. Guitar Hero, Just Dance).')
INSERT INTO Categoria(Nombre, Descripcion) VALUES('Party Games', 'Minijuegos para jugar en grupo (ej. Mario Party, Overcooked).)')

INSERT INTO Formato(Nombre, Descripcion) VALUES('Cartucho', 'Medio sµlido con chip de memoria, usado sobre todo en consolas clÃsicas y portÃtiles.')
INSERT INTO Formato(Nombre, Descripcion) VALUES('CD-ROM', 'Disco µptico con hasta 700 MB de capacidad.')
INSERT INTO Formato(Nombre, Descripcion) VALUES('DVD-ROM', 'Disco µptico con hasta 4.7 GB (o 8.5 GB en doble capa).')
INSERT INTO Formato(Nombre, Descripcion) VALUES('Blu-ray', 'Disco µptico de alta capacidad (2550 GB o mÃs).')
INSERT INTO Formato(Nombre, Descripcion) VALUES('UMD', 'Disco µptico pequeþo usado exclusivamente por PSP.')
INSERT INTO Formato(Nombre, Descripcion) VALUES('MiniDVD', 'Variante reducida del DVD (1.4 GB).')
INSERT INTO Formato(Nombre, Descripcion) VALUES('Digital (Descarga)', 'Se descarga desde tiendas en lÚnea, sin soporte fÚsico.')
INSERT INTO Formato(Nombre, Descripcion) VALUES('Streaming', 'Juego ejecutado en servidores remotos y transmitido en tiempo real.')
INSERT INTO Formato(Nombre, Descripcion) VALUES('Arcade PCB', 'Placa de circuito con el juego instalado, usada en mÃquinas recreativas.')
INSERT INTO Formato(Nombre, Descripcion) VALUES('Tarjeta SD / Memoria flash', 'Medio sµlido similar a un cartucho, pero mÃs pequeþo y con memoria flash.')
INSERT INTO Formato(Nombre, Descripcion) VALUES('Cassette de cinta', 'Usado en microordenadores antiguos.')


--Instrucciones para agregar DESARROLLADORES
SET IDENTITY_INSERT Desarrollador ON
INSERT INTO Desarrollador(Id, Nombre, IdPais)
	VALUES(1, 'Capcom Co. Ltd.', 392),
		(2, 'Nintendo Co., Ltd.', 392),
		(3, 'Konami Digital Entertainment', 392),
		(4, 'Square Enix Holdings Co., Ltd.', 392),
		(5, 'Sega Corporation', 392),
		(6, 'Bandai Namco Entertainment Inc.', 392),
		(7, 'FromSoftware, Inc.', 392),
		(8, 'Rockstar Games', 840),
		(9, 'Electronic Arts (EA)', 840),
		(10, 'Blizzard Entertainment', 840),
		(11, 'Ubisoft Entertainment', 250),
		(12, 'Atlus', 392),
		(13, 'Valve Corporation', 840),
		(14, 'Nintendo EPD', 392),
		(15, 'Naughty Dog', 840),
		(16, 'Playground Games', 250);
SET IDENTITY_INSERT Desarrollador OFF

--Instrucciones para agregar TITULOS DE VIDEOJUEGOS
SET IDENTITY_INSERT Titulo ON
INSERT INTO Titulo(Id, Nombre, Aþo, Version, PrecioActual, IdDesarrollador) VALUES(1, 'Mega Man', 1987, '1', 40000, 1)
INSERT INTO Titulo(Id, Nombre, Aþo, Version, PrecioActual, IdDesarrollador) VALUES(2, 'Super Mario Bros.', 1985, '1', 40000, 2)
INSERT INTO Titulo(Id, Nombre, Aþo, Version, PrecioActual, IdDesarrollador) VALUES(3, 'Persona 5: Royal', 2019, '1', 20000, 12);
INSERT INTO Titulo(Id, Nombre, Aþo, Version, PrecioActual, IdDesarrollador) VALUES(4, 'Red Dead Redemption 2', 2018, '1', 20000, 8);
INSERT INTO Titulo(Id, Nombre, Aþo, Version, PrecioActual, IdDesarrollador) VALUES(5, 'Half-Life: Alyx', 2020, '1', 15000, 13);
INSERT INTO Titulo(Id, Nombre, Aþo, Version, PrecioActual, IdDesarrollador) VALUES(6, 'The Legend of Zelda: Breath of the Wild', 2017, '1', 20000, 14);
INSERT INTO Titulo(Id, Nombre, Aþo, Version, PrecioActual, IdDesarrollador) VALUES(7, 'Super Mario Odyssey', 2017, '1', 20000, 14);
INSERT INTO Titulo(Id, Nombre, Aþo, Version, PrecioActual, IdDesarrollador) VALUES(8, 'Super Smash Bros. Ultimate', 2018, '1', 20000, 14);
INSERT INTO Titulo(Id, Nombre, Aþo, Version, PrecioActual, IdDesarrollador) VALUES(9, 'The Legend of Zelda: Ocarina of Time 3D', 2011, '1', 10000, 14);
INSERT INTO Titulo(Id, Nombre, Aþo, Version, PrecioActual, IdDesarrollador) VALUES(10, 'Forza Horizon 4', 2018, '1', 15000, 16);
INSERT INTO Titulo(Id, Nombre, Aþo, Version, PrecioActual, IdDesarrollador) VALUES(11, 'Persona 4 Golden', 2013, '1', 15000, 12);
INSERT INTO Titulo(Id, Nombre, Aþo, Version, PrecioActual, IdDesarrollador) VALUES(12, 'The Last of Us Remasterizado', 2014, '1', 15000, 15);
-- Capcom Co. Ltd.
INSERT INTO Titulo(Id, Nombre, Aþo, Version, PrecioActual, IdDesarrollador) VALUES(13, 'Resident Evil 2', 2019, '1', 25000, 1);
INSERT INTO Titulo(Id, Nombre, Aþo, Version, PrecioActual, IdDesarrollador) VALUES(14, 'Street Fighter V', 2016, '1', 18000, 1);
INSERT INTO Titulo(Id, Nombre, Aþo, Version, PrecioActual, IdDesarrollador) VALUES(15, 'Monster Hunter: World', 2018, '1', 22000, 1);
-- Nintendo Co., Ltd.
INSERT INTO Titulo(Id, Nombre, Aþo, Version, PrecioActual, IdDesarrollador) VALUES(16, 'PokÕmon Let''s Go, Pikachu!', 2018, '1', 20000, 2);
INSERT INTO Titulo(Id, Nombre, Aþo, Version, PrecioActual, IdDesarrollador) VALUES(17, 'Kirby and the Forgotten Land', 2022, '1', 25000, 2);
-- Konami Digital Entertainment
INSERT INTO Titulo(Id, Nombre, Aþo, Version, PrecioActual, IdDesarrollador) VALUES(18, 'Metal Gear Solid V: The Phantom Pain', 2015, '1', 15000, 3);
INSERT INTO Titulo(Id, Nombre, Aþo, Version, PrecioActual, IdDesarrollador) VALUES(19, 'Castlevania: Symphony of the Night', 1997, '1', 10000, 3);
-- Square Enix Holdings Co., Ltd.
INSERT INTO Titulo(Id, Nombre, Aþo, Version, PrecioActual, IdDesarrollador) VALUES(20, 'Final Fantasy VII Remake', 2020, '1', 25000, 4);
INSERT INTO Titulo(Id, Nombre, Aþo, Version, PrecioActual, IdDesarrollador) VALUES(21, 'Kingdom Hearts III', 2019, '1', 20000, 4);
INSERT INTO Titulo(Id, Nombre, Aþo, Version, PrecioActual, IdDesarrollador) VALUES(22, 'Dragon Quest XI: Echoes of an Elusive Age', 2017, '1', 20000, 4);
-- Sega Corporation
INSERT INTO Titulo(Id, Nombre, Aþo, Version, PrecioActual, IdDesarrollador) VALUES(23, 'Sonic Mania', 2017, '1', 15000, 5);
INSERT INTO Titulo(Id, Nombre, Aþo, Version, PrecioActual, IdDesarrollador) VALUES(24, 'Yakuza 0', 2015, '1', 12000, 5);
-- Bandai Namco Entertainment Inc.
INSERT INTO Titulo(Id, Nombre, Aþo, Version, PrecioActual, IdDesarrollador) VALUES(25, 'Tekken 7', 2015, '1', 18000, 6);
INSERT INTO Titulo(Id, Nombre, Aþo, Version, PrecioActual, IdDesarrollador) VALUES(26, 'Elden Ring', 2022, '1', 25000, 6);
-- FromSoftware, Inc.
INSERT INTO Titulo(Id, Nombre, Aþo, Version, PrecioActual, IdDesarrollador) VALUES(27, 'Bloodborne', 2015, '1', 18000, 7);
INSERT INTO Titulo(Id, Nombre, Aþo, Version, PrecioActual, IdDesarrollador) VALUES(28, 'Sekiro: Shadows Die Twice', 2019, '1', 22000, 7);
-- Rockstar Games
INSERT INTO Titulo(Id, Nombre, Aþo, Version, PrecioActual, IdDesarrollador) VALUES(29, 'Grand Theft Auto V', 2013, '1', 20000, 8);
-- Electronic Arts (EA)
INSERT INTO Titulo(Id, Nombre, Aþo, Version, PrecioActual, IdDesarrollador) VALUES(30, 'The Sims 4', 2014, '1', 18000, 9);
INSERT INTO Titulo(Id, Nombre, Aþo, Version, PrecioActual, IdDesarrollador) VALUES(31, 'FIFA 23', 2022, '1', 25000, 9);
-- Blizzard Entertainment
INSERT INTO Titulo(Id, Nombre, Aþo, Version, PrecioActual, IdDesarrollador) VALUES(32, 'Diablo IV', 2023, '1', 30000, 10);
INSERT INTO Titulo(Id, Nombre, Aþo, Version, PrecioActual, IdDesarrollador) VALUES(33, 'Overwatch 2', 2022, '1', 0, 10);
-- Ubisoft Entertainment
INSERT INTO Titulo(Id, Nombre, Aþo, Version, PrecioActual, IdDesarrollador) VALUES(34, 'Assassin''s Creed Valhalla', 2020, '1', 20000, 11);
INSERT INTO Titulo(Id, Nombre, Aþo, Version, PrecioActual, IdDesarrollador) VALUES(35, 'Far Cry 6', 2021, '1', 18000, 11);
-- Atlus
INSERT INTO Titulo(Id, Nombre, Aþo, Version, PrecioActual, IdDesarrollador) VALUES(36, 'Shin Megami Tensei V', 2021, '1', 20000, 12);
INSERT INTO Titulo(Id, Nombre, Aþo, Version, PrecioActual, IdDesarrollador) VALUES(37, 'Persona 3 Reload', 2024, '1', 25000, 12);
-- Valve Corporation
INSERT INTO Titulo(Id, Nombre, Aþo, Version, PrecioActual, IdDesarrollador) VALUES(38, 'Portal 2', 2011, '1', 10000, 13);
INSERT INTO Titulo(Id, Nombre, Aþo, Version, PrecioActual, IdDesarrollador) VALUES(39, 'Left 4 Dead 2', 2009, '1', 8000, 13);
-- Nintendo EPD
INSERT INTO Titulo(Id, Nombre, Aþo, Version, PrecioActual, IdDesarrollador) VALUES(40, 'Splatoon 3', 2022, '1', 20000, 14);
INSERT INTO Titulo(Id, Nombre, Aþo, Version, PrecioActual, IdDesarrollador) VALUES(41, 'Mario Kart 8 Deluxe', 2017, '1', 20000, 14);
INSERT INTO Titulo(Id, Nombre, Aþo, Version, PrecioActual, IdDesarrollador) VALUES(42, 'Animal Crossing: New Horizons', 2020, '1', 20000, 14);
INSERT INTO Titulo(Id, Nombre, Aþo, Version, PrecioActual, IdDesarrollador) VALUES(43, 'Metroid Dread', 2021, '1', 18000, 14);
-- Naughty Dog
INSERT INTO Titulo(Id, Nombre, Aþo, Version, PrecioActual, IdDesarrollador) VALUES(44, 'Uncharted 4: A Thief''s End', 2016, '1', 15000, 15);
-- Playground Games
INSERT INTO Titulo(Id, Nombre, Aþo, Version, PrecioActual, IdDesarrollador) VALUES(45, 'Forza Horizon 5', 2021, '1', 20000, 16);
-- Otros tÚtulos de desarrolladores existentes
INSERT INTO Titulo(Id, Nombre, Aþo, Version, PrecioActual, IdDesarrollador) VALUES(46, 'Street Fighter 6', 2023, '1', 25000, 1);
INSERT INTO Titulo(Id, Nombre, Aþo, Version, PrecioActual, IdDesarrollador) VALUES(47, 'Resident Evil 4', 2023, '1', 25000, 1);
INSERT INTO Titulo(Id, Nombre, Aþo, Version, PrecioActual, IdDesarrollador) VALUES(48, 'Super Mario Wonder', 2023, '1', 20000, 14);
INSERT INTO Titulo(Id, Nombre, Aþo, Version, PrecioActual, IdDesarrollador) VALUES(49, 'The Legend of Zelda: Tears of the Kingdom', 2023, '1', 25000, 14);
INSERT INTO Titulo(Id, Nombre, Aþo, Version, PrecioActual, IdDesarrollador) VALUES(50, 'Diablo II Resurrected', 2021, '1', 20000, 10);
SET IDENTITY_INSERT Titulo OFF

SET IDENTITY_INSERT TipoDocumento ON
INSERT INTO TipoDocumento(Id, Nombre, Sigla) VALUES(11, 'Registro Civil', 'RC')
INSERT INTO TipoDocumento(Id, Nombre, Sigla) VALUES(12, 'Tarjeta de identidad', 'TI')
INSERT INTO TipoDocumento(Id, Nombre, Sigla) VALUES(13, 'CÕdula de ciudadanÚa', 'CC');
INSERT INTO TipoDocumento(Id, Nombre, Sigla) VALUES(21, 'Tarjeta de extranjerÚa', 'TE');
INSERT INTO TipoDocumento(Id, Nombre, Sigla) VALUES(22, 'CÕdula de extranjerÚa', 'CE');
INSERT INTO TipoDocumento(Id, Nombre, Sigla) VALUES(31, 'Nºmero de Identificaciµn Tributaria', 'NIT ');
INSERT INTO TipoDocumento(Id, Nombre, Sigla) VALUES(41, 'Pasaporte', 'PS');
INSERT INTO TipoDocumento(Id, Nombre, Sigla) VALUES(42, 'Documento de Identificaciµn Extranjero', 'NIE');
INSERT INTO TipoDocumento(Id, Nombre, Sigla) VALUES(50, 'Nºmero de Identificaciµn Tributaria Otro PaÚs', 'NITE');
SET IDENTITY_INSERT TipoDocumento OFF

SET IDENTITY_INSERT Cliente ON
INSERT INTO Cliente(Id, NumeroIdentificacion, IdTipoDocumento, Nombre, Direccion, Movil, IdCiudad, Correo) VALUES (1, '72117071', 13, 'OSORIO ZULUAGA ADOLFO LEON', 'CALE 35D 89 / 88', '2105820',5001, 'cancan_123@gmail.com ');
INSERT INTO Cliente(Id, NumeroIdentificacion, IdTipoDocumento, Nombre, Direccion, Movil, IdCiudad, Correo) VALUES (2, '25135843', 13, 'VALENCIA ZULUAGA ADRIANA CECILIA', 'CALL 39A SUR 43-A 161', '2105825',5001, 'JMGLAVERDE@gmail.COM ');
INSERT INTO Cliente(Id, NumeroIdentificacion, IdTipoDocumento, Nombre, Direccion, Movil, IdCiudad, Correo) VALUES (3, '71830743', 13, 'GIRALDO ZAPATA ADRIANA MARIA', 'CALL 41 S 42A-16', '2105830',5001, 'a_oezn@gmail.com');
INSERT INTO Cliente(Id, NumeroIdentificacion, IdTipoDocumento, Nombre, Direccion, Movil, IdCiudad, Correo) VALUES (4, '45330943', 13, 'RENDON ZAPATA ADRIANA MARIA', 'CALL 41 S 42A-16', '2105845',5001, 'aarango@airmar-cargo.com');
INSERT INTO Cliente(Id, NumeroIdentificacion, IdTipoDocumento, Nombre, Direccion, Movil, IdCiudad, Correo) VALUES (5, '36828742', 13, 'ARANGO VILLAMIL ALBA ROCIO', 'CALL 5 3A 41', '2112544',5001, 'aarango12@gmail.com');
INSERT INTO Cliente(Id, NumeroIdentificacion, IdTipoDocumento, Nombre, Direccion, Movil, IdCiudad, Correo) VALUES (6, '61535643', 13, 'URIBE VELEZ ALEJANDRA', 'CALL 50A 16A19', '2114744',5001, 'aberrio@arkimia.com.co');
INSERT INTO Cliente(Id, NumeroIdentificacion, IdTipoDocumento, Nombre, Direccion, Movil, IdCiudad, Correo) VALUES (7, '35735843', 13, 'LOPEZ VELEZ ALEJANDRO', 'CALL 59 47-14 ', '2115039',5001, 'acanog@zenul.com.co');
INSERT INTO Cliente(Id, NumeroIdentificacion, IdTipoDocumento, Nombre, Direccion, Movil, IdCiudad, Correo) VALUES (8, '56534943', 13, 'ALVAREZ VELEZ ALEJANDRO', 'CALL 6 DE JUNIO 27-05', '2115039',5001, 'acardona@bolsaybanca.com ');
INSERT INTO Cliente(Id, NumeroIdentificacion, IdTipoDocumento, Nombre, Direccion, Movil, IdCiudad, Correo) VALUES (9, '18728742', 13, 'ALVAREZ VELEZ ALVARO DE JESUS', 'CRA 62C No 71-25', '2118723',5001, 'acardona@pintuco.com');
INSERT INTO Cliente(Id, NumeroIdentificacion, IdTipoDocumento, Nombre, Direccion, Movil, IdCiudad, Correo) VALUES (10, '92628842', 13, 'BETANCUR VELEZ ALVARO IGNACIO', 'CRA 63 -- 33-93 CONQUISTADORES', '2120209',5001, 'acatol8@gmail.com');
INSERT INTO Cliente(Id, NumeroIdentificacion, IdTipoDocumento, Nombre, Direccion, Movil, IdCiudad, Correo) VALUES (11, '29135233', 13, 'RESTREPO VELEZ ALVARO LEON', 'CRA 63 -- 33-93 CONQUISTADORES', '2120223',5001, 'achecho2005@gmail.com');
INSERT INTO Cliente(Id, NumeroIdentificacion, IdTipoDocumento, Nombre, Direccion, Movil, IdCiudad, Correo) VALUES (12, '81435343', 13, 'SALAZAR VELEZ ANA ISABEL', 'CRA 63 -- 44 - 361 APT 302', '2120223',5001, 'acjamont@proteccion.com.co');
INSERT INTO Cliente(Id, NumeroIdentificacion, IdTipoDocumento, Nombre, Direccion, Movil, IdCiudad, Correo) VALUES (13, '93924832', 13, 'ZAPATA VELASQUEZ ANA MARIA', 'CRA 63 42A 77 ', '2120694',5001, 'acordoba@electrocontrol.com.co');
INSERT INTO Cliente(Id, NumeroIdentificacion, IdTipoDocumento, Nombre, Direccion, Movil, IdCiudad, Correo) VALUES (14, '18228942', 13, 'RESTREPO VELASQUEZ ANA MARIA', 'CRA 63 A 61 - 140', '2121888',5001, 'acredito@cooprudea.com');
INSERT INTO Cliente(Id, NumeroIdentificacion, IdTipoDocumento, Nombre, Direccion, Movil, IdCiudad, Correo) VALUES (15, '79530543', 13, 'MACHADO BLANDON JONATHAN ALEXIS', 'CRA 63 A 94A 36 ', '2121983',5001, 'acrestrepo1@gmail.com');
INSERT INTO Cliente(Id, NumeroIdentificacion, IdTipoDocumento, Nombre, Direccion, Movil, IdCiudad, Correo) VALUES (16, '63024532', 13, 'LOPEZ VELASQUEZ ANDRES FELIPE', 'CRA 63 B --103 GG-104', '2124549',5001, 'adalbertog@epm.net.co');
INSERT INTO Cliente(Id, NumeroIdentificacion, IdTipoDocumento, Nombre, Direccion, Movil, IdCiudad, Correo) VALUES (17, '93625032', 13, 'ESCOBAR VELASQUEZ ANDRES FELIPE', 'CRA 63 D 102 - 40', '2127122',5001, 'adarve5@gmail.com ');
INSERT INTO Cliente(Id, NumeroIdentificacion, IdTipoDocumento, Nombre, Direccion, Movil, IdCiudad, Correo) VALUES (18, '92716871', 13, 'VILLEGAS VASQUEZ ANGELA MARIA', 'CRA 63 N 94A-47 APT 302 B/4 TRICENTENARIO', '2140147',5001, 'adielap254@gmail.com');
INSERT INTO Cliente(Id, NumeroIdentificacion, IdTipoDocumento, Nombre, Direccion, Movil, IdCiudad, Correo) VALUES (19, '26423232', 13, 'ESCOBAR VASCO ANGELA MARIA', 'CRA 63 No 49-04', '2141102',5001, 'adipr2002@yahoo.es');
INSERT INTO Cliente(Id, NumeroIdentificacion, IdTipoDocumento, Nombre, Direccion, Movil, IdCiudad, Correo) VALUES (20, '59517171', 13, 'VALENCIA VARELA ANGELA MARIA', 'CRA 63A -- 42 - 90  CONQUISTADORES', '2141394',5001, 'adipr2002@yahoo.es');
INSERT INTO Cliente(Id, NumeroIdentificacion, IdTipoDocumento, Nombre, Direccion, Movil, IdCiudad, Correo) VALUES (21, '12714031', 13, 'GIL VALENCIA ASTRID MARIA DE JESUS', 'CRA 63A -- 61 - 112', '2144223',5001, 'adjaraba@unalmed.edu.co');
INSERT INTO Cliente(Id, NumeroIdentificacion, IdTipoDocumento, Nombre, Direccion, Movil, IdCiudad, Correo) VALUES (22, '60316271', 13, 'CAMACHO VALENCIA BEATRIZ ELENA', 'cra 63a --94a 651 bl 39 apt 204', '2144473',5001, 'administrador@energiaintegrada.com');
INSERT INTO Cliente(Id, NumeroIdentificacion, IdTipoDocumento, Nombre, Direccion, Movil, IdCiudad, Correo) VALUES (23, '58017171', 13, 'BERNAL URREGO BLANCA DOLLY', 'CRA 63A 94-431 APTO 102 ', '2146095',5001, 'administrador-med@importadoraceleste.com ');
INSERT INTO Cliente(Id, NumeroIdentificacion, IdTipoDocumento, Nombre, Direccion, Movil, IdCiudad, Correo) VALUES (24, '80616621', 13, 'ORREGO URREA CAMILO', 'CRA 63AA 54-28', '2146785',5001, 'adolfofraes@gmail.com');
INSERT INTO Cliente(Id, NumeroIdentificacion, IdTipoDocumento, Nombre, Direccion, Movil, IdCiudad, Correo) VALUES (25, '98935343', 13, 'VALENCIA URIZA CARLOS ALBERTO', 'CRA 63B 34-82', '2147068',5001, 'adolfora2003@yahoo.com');
INSERT INTO Cliente(Id, NumeroIdentificacion, IdTipoDocumento, Nombre, Direccion, Movil, IdCiudad, Correo) VALUES (26, '16715771', 13, 'BEDOYA URIBE CARLOS ALBERTO', 'CRA 63B 34-82 AP201 CONQUISTADORES', '2162428',5001, 'ador79@gmail.com');
INSERT INTO Cliente(Id, NumeroIdentificacion, IdTipoDocumento, Nombre, Direccion, Movil, IdCiudad, Correo) VALUES (27, '30085598', 13, 'MOLINA TORRES CARLOS ALBERTO', 'CRA 63B N. 32E - 115 CONQUISTADORES', '2162916',5001, 'adrenalix@gmail.com');
INSERT INTO Cliente(Id, NumeroIdentificacion, IdTipoDocumento, Nombre, Direccion, Movil, IdCiudad, Correo) VALUES (28, '56435243', 13, 'LONDOîO TORO CARLOS ARTURO', 'CRA 63B No 103GG-66', '2163275',5001, 'correo_mzd@yahoo.com');
INSERT INTO Cliente(Id, NumeroIdentificacion, IdTipoDocumento, Nombre, Direccion, Movil, IdCiudad, Correo) VALUES (29, '7137243', 13, 'TRUJILLO TOBON CARLOS EDUARDO', 'CRA 63B No 37-12 CONQUISTADORES', '2163556',5001, 'correoa19@latinmail.com');
INSERT INTO Cliente(Id, NumeroIdentificacion, IdTipoDocumento, Nombre, Direccion, Movil, IdCiudad, Correo) VALUES (30, '83285498', 13, 'ARISTIZABAL SUAREZ CARLOS FELIPE', 'CRA 63C No 96A-39 BLOQUE 45 APTO 101', '2163608',5001, 'correoangelv@gmail.com');
INSERT INTO Cliente(Id, NumeroIdentificacion, IdTipoDocumento, Nombre, Direccion, Movil, IdCiudad, Correo) VALUES (31, '10728942', 13, 'ACEVEDO SUAREZ CARLOS MANUEL', 'CRA 63C-- 96A-90', '2164090',5001, 'correor@construvis.com');
INSERT INTO Cliente(Id, NumeroIdentificacion, IdTipoDocumento, Nombre, Direccion, Movil, IdCiudad, Correo) VALUES (32, '84785498', 13, 'URIBE SOTO CESAR AUGUSTO', 'CRA 64 47 81 CASA 468', '2165851',5001, 'adrisan11@gmail.com');
INSERT INTO Cliente(Id, NumeroIdentificacion, IdTipoDocumento, Nombre, Direccion, Movil, IdCiudad, Correo) VALUES (33, '69700870', 13, 'RIVERA SIERRA CLARA PATRICIA', 'CRA 64 47-81 APTO 528', '2167429',5266, 'adrianitaotalvarocastano@gmail.com');
INSERT INTO Cliente(Id, NumeroIdentificacion, IdTipoDocumento, Nombre, Direccion, Movil, IdCiudad, Correo) VALUES (34, '99329842', 13, 'GIL SIERRA CLARA TERESA', 'CRA 64 96 A 314 BLOQUE 87 APTO 113', '2168142',5266, 'adrianjovelx@gmail.com');
INSERT INTO Cliente(Id, NumeroIdentificacion, IdTipoDocumento, Nombre, Direccion, Movil, IdCiudad, Correo) VALUES (35, '92737343', 13, 'ALVAREZ SIERRA CLARA VICTORIA', 'CRA 64 96A-10 APTO 308', '2170421',5001, 'adris201@gmail.com');
INSERT INTO Cliente(Id, NumeroIdentificacion, IdTipoDocumento, Nombre, Direccion, Movil, IdCiudad, Correo) VALUES (36, '11134943', 13, 'BORDON SANCHEZ CLAUDIA CECILIA', 'CRA 64 A N 96 A 314', '2173657',5001, 'adritru5@gmail.com');
INSERT INTO Cliente(Id, NumeroIdentificacion, IdTipoDocumento, Nombre, Direccion, Movil, IdCiudad, Correo) VALUES (37, '54684898', 13, 'MESA SANCHEZ CLAUDIA PATRICIA', 'CRA 64 C 48-43', '2175599',5001, 'adry_henao@gmail.com');
INSERT INTO Cliente(Id, NumeroIdentificacion, IdTipoDocumento, Nombre, Direccion, Movil, IdCiudad, Correo) VALUES (38, '55717171', 13, 'PEREZ RUJELES CLAUDIA PATRICIA', 'CRA 64 N 36-15 ', '2176075',5001, 'ADRYcorreoGRAJALES@gmail.com');
INSERT INTO Cliente(Id, NumeroIdentificacion, IdTipoDocumento, Nombre, Direccion, Movil, IdCiudad, Correo) VALUES (39, '88043604', 13, 'MEJIA RUIZ CLAUDIA PAULINA', 'CRA 64A 48-25 apto 202 torre 7', '2211665',5001, 'adrycam@etb.net.co');
INSERT INTO Cliente(Id, NumeroIdentificacion, IdTipoDocumento, Nombre, Direccion, Movil, IdCiudad, Correo) VALUES (40, '8743504', 13, 'CANO RUIZ DANIEL', 'CRA 64B 48-149 SURAMERICANA', '2212168',5001, 'aemoreno@solcasino.com.co');
INSERT INTO Cliente(Id, NumeroIdentificacion, IdTipoDocumento, Nombre, Direccion, Movil, IdCiudad, Correo) VALUES (41, '89028942', 13, 'VELASQUEZ RIVERA DANIEL ARGIRO', 'CRA 64C -- 48-56', '2213612',5001, 'aespinal@jordao.com.co');
INSERT INTO Cliente(Id, NumeroIdentificacion, IdTipoDocumento, Nombre, Direccion, Movil, IdCiudad, Correo) VALUES (42, '40042704', 13, 'OSORIO RESTREPO DAVID GONZALO', 'CRA 64C --48-180 AP301 SURAMERICANA', '2214006',5001, 'aestrada@une.net.co');
INSERT INTO Cliente(Id, NumeroIdentificacion, IdTipoDocumento, Nombre, Direccion, Movil, IdCiudad, Correo) VALUES (43, '19616471', 13, 'MONTOYA RESTREPO DEILY KIRASSY', 'cra 64c --48-94 apto 203', '2214419',5001, 'af_24giraldo@gmail.com');
INSERT INTO Cliente(Id, NumeroIdentificacion, IdTipoDocumento, Nombre, Direccion, Movil, IdCiudad, Correo) VALUES (44, '10216971', 13, 'RIOS RESTREPO DIANA MARIA', 'CRA 64C N. 48-94 APTO 203', '2216412',5001, 'afa1070@gmail.com');
INSERT INTO Cliente(Id, NumeroIdentificacion, IdTipoDocumento, Nombre, Direccion, Movil, IdCiudad, Correo) VALUES (45, '11728842', 13, 'RAMIREZ RESTREPO DIEGO MAURICIO', 'CRA 65 -- 101 - 101', '2218578',5001, 'afgr1978@gmail.com');
INSERT INTO Cliente(Id, NumeroIdentificacion, IdTipoDocumento, Nombre, Direccion, Movil, IdCiudad, Correo) VALUES (46, '27526572', 13, 'JARAMILLO RESTREPO DORA INES', 'Cra 65 -- 18 14 ', '2218703',5088, 'afperez@une.net.co');
INSERT INTO Cliente(Id, NumeroIdentificacion, IdTipoDocumento, Nombre, Direccion, Movil, IdCiudad, Correo) VALUES (47, '20905670', 13, 'TORO RESTREPO DORIAN YECID', 'CRA 65 -- 25A-23 APTO 502 SAN FRANCISCO', '2221890',5088, 'afranco28@gmail.com');
INSERT INTO Cliente(Id, NumeroIdentificacion, IdTipoDocumento, Nombre, Direccion, Movil, IdCiudad, Correo) VALUES (48, '56715301', 13, 'MEJIA RAVE EGIDIO DE JESUS', 'CRA 65 -- 42 - 127 BAHIA B', '2263103',5088, 'afzu717@gmail.com');
INSERT INTO Cliente(Id, NumeroIdentificacion, IdTipoDocumento, Nombre, Direccion, Movil, IdCiudad, Correo) VALUES (49, '81717171', 13, 'GIRALDO RAMIREZ ELKIN RODRIGO', 'Cra 65 -- 471 apto 301', '2265096',5360, 'kellyvasquez@epm.net.co');
INSERT INTO Cliente(Id, NumeroIdentificacion, IdTipoDocumento, Nombre, Direccion, Movil, IdCiudad, Correo) VALUES (50, '98605670', 13, 'LOPEZ RAMIREZ ELSA INES', 'CRA 65 32D 91 ', '2265968',5001, 'nataliajloga87@hotmail.com');
INSERT INTO Cliente(Id, NumeroIdentificacion, IdTipoDocumento, Nombre, Direccion, Movil, IdCiudad, Correo) VALUES (51, '48098509', 13, 'VILLA RAMIREZ EVELYNE COLOMBIA', 'CRA 65 40-74', '2271315',5001, 'jmcastano@estudiodemoda.com.co');
INSERT INTO Cliente(Id, NumeroIdentificacion, IdTipoDocumento, Nombre, Direccion, Movil, IdCiudad, Correo) VALUES (52, '40435843', 13, 'ACEVEDO QUIROZ FABIAN FERNANDO', 'CRA 65 42-90 CONQUISTADORES', '2271315',5266, 'fabito180@hotmail.com');
INSERT INTO Cliente(Id, NumeroIdentificacion, IdTipoDocumento, Nombre, Direccion, Movil, IdCiudad, Correo) VALUES (53, '57216071', 13, 'OROZCO QUINTERO FRAY LEON', 'CRA 65 4-56', '2280096',5001, 'nhernandez@holasa.com.co');
INSERT INTO Cliente(Id, NumeroIdentificacion, IdTipoDocumento, Nombre, Direccion, Movil, IdCiudad, Correo) VALUES (54, '73517471', 13, 'ARANGO QUINCHIA GERMAN', 'CRA 65 EE No 38B-20', '2281274',5001, 'vpresiga@yahoo.com');
INSERT INTO Cliente(Id, NumeroIdentificacion, IdTipoDocumento, Nombre, Direccion, Movil, IdCiudad, Correo) VALUES (55, '29994339', 13, 'RAMIREZ QUINCHIA GERMAN DARIO', 'CRA 65 N. 77SUR72', '2300299',5212, 'stamayocamejia@hotmail.com');
INSERT INTO Cliente(Id, NumeroIdentificacion, IdTipoDocumento, Nombre, Direccion, Movil, IdCiudad, Correo) VALUES (56, '97108170', 13, 'CORREA PULGARIN GERMAN HERNANDO', 'CRA 65 No 48-23', '2301566',5001, 'dianares8@hotmail.com');
INSERT INTO Cliente(Id, NumeroIdentificacion, IdTipoDocumento, Nombre, Direccion, Movil, IdCiudad, Correo) VALUES (57, '61885498', 13, 'CEBALLOS PUERTA GLADIS CECILIA', 'CRA 65A 62B 11', '2303112',5001, 'agudeloredwinz@yahoo.es');
INSERT INTO Cliente(Id, NumeroIdentificacion, IdTipoDocumento, Nombre, Direccion, Movil, IdCiudad, Correo) VALUES (58, '91727442', 13, 'RESTREPO PIEDRAHITA GLADIS SILVIA', 'CRA 65B 25-50', '2303564',5266, 'agropecuaria@anditecnica.com ');
INSERT INTO Cliente(Id, NumeroIdentificacion, IdTipoDocumento, Nombre, Direccion, Movil, IdCiudad, Correo) VALUES (59, '82037243', 13, 'ALVAREZ PEREZ GLADYS EUGENIA', 'CRA 65B 4-46 CAMPO AMOR', '2305007',5001, 'agudeloedwin@yahoo.es');
INSERT INTO Cliente(Id, NumeroIdentificacion, IdTipoDocumento, Nombre, Direccion, Movil, IdCiudad, Correo) VALUES (60, '5500100', 13, 'URIBE PEREZ GLORIA BEATRIZ', 'CRA 65C 31-51', '2305413',5001, 'aguilar1928@gmail.com');
INSERT INTO Cliente(Id, NumeroIdentificacion, IdTipoDocumento, Nombre, Direccion, Movil, IdCiudad, Correo) VALUES (61, '93737243', 13, 'ESPITIA PEREZ GLORIA CECILIA', 'CRA 65C No 31-136', '2305725',5001, 'agurico@gmail.com');
INSERT INTO Cliente(Id, NumeroIdentificacion, IdTipoDocumento, Nombre, Direccion, Movil, IdCiudad, Correo) VALUES (62, '13515821', 13, 'CARDENAS PENA GLORIA MARIA', 'CRA 65C N¤ 32C-21', '2305980',5001, 'aguzo84@gmail.com');
INSERT INTO Cliente(Id, NumeroIdentificacion, IdTipoDocumento, Nombre, Direccion, Movil, IdCiudad, Correo) VALUES (63, '18029642', 13, 'CASTRILLON PALACIO GLORIA PATRICIA', 'CRA 65C N¤ 93-131 apto 301', '2306569',5088, 'aherrera188@gmail.com');
INSERT INTO Cliente(Id, NumeroIdentificacion, IdTipoDocumento, Nombre, Direccion, Movil, IdCiudad, Correo) VALUES (64, '8203030', 13, 'URIBE OSSA GLORIA PATRICIA', 'CRA 65D 36 13 APTO 101', '2306811',5001, 'ahiguita@coldecon.net.co');
INSERT INTO Cliente(Id, NumeroIdentificacion, IdTipoDocumento, Nombre, Direccion, Movil, IdCiudad, Correo) VALUES (65, '12528742', 13, 'URIBE OSPINA GLORIA PATRICIA', 'CRA 65E No 19-21 GUAYABAL', '2307387',5001, 'aidemaria@gmail.com');
INSERT INTO Cliente(Id, NumeroIdentificacion, IdTipoDocumento, Nombre, Direccion, Movil, IdCiudad, Correo) VALUES (66, '31830843', 13, 'ARISTIZABAL OSORIO GLORIA PATRICIA', 'cra 65f -- 30c-10 apto 514 Nuevo Conquistadores', '2307424',5001, 'aja61@une.net.co');
INSERT INTO Cliente(Id, NumeroIdentificacion, IdTipoDocumento, Nombre, Direccion, Movil, IdCiudad, Correo) VALUES (67, '9917471', 13, 'PEREZ OSORIO GONZALO HERNANDO', 'CRA 65F 30A-284 AP101 MALIBU', '2309899',5001, 'ajaramil@proteccion.com.co');
INSERT INTO Cliente(Id, NumeroIdentificacion, IdTipoDocumento, Nombre, Direccion, Movil, IdCiudad, Correo) VALUES (68, '67798409', 13, 'CADAVID OSORIO GUSTAVO ALBERTO', 'CRA 66 N¤ 95-68', '2320905',5001, 'akane808@gmail.com ');
INSERT INTO Cliente(Id, NumeroIdentificacion, IdTipoDocumento, Nombre, Direccion, Movil, IdCiudad, Correo) VALUES (69, '80037243', 13, 'OROZCO OROZCO GUSTAVO ANTONIO', 'CRA 66A 15-47 SAN PABLO', '2322828',5001, 'akmora1@gmail.com');
INSERT INTO Cliente(Id, NumeroIdentificacion, IdTipoDocumento, Nombre, Direccion, Movil, IdCiudad, Correo) VALUES (70, '50805630', 13, 'ARIAS OROZCO HELDA LUZ', 'CRA 66B N¤ 31A-24', '2323060',5001, 'alaing@grupomun.com');
INSERT INTO Cliente(Id, NumeroIdentificacion, IdTipoDocumento, Nombre, Direccion, Movil, IdCiudad, Correo) VALUES (71, '96785498', 13, 'MARIN OLGA HENRY DE JESUS', 'CRA 67 -- 48D - 91', '2326200',5001, 'albatrosakai@gmail.com');
INSERT INTO Cliente(Id, NumeroIdentificacion, IdTipoDocumento, Nombre, Direccion, Movil, IdCiudad, Correo) VALUES (72, '46335343', 13, 'BUILES OCAMPO HERNANDO', 'Cra 67 A -- 42 78', '2327690',5001, 'albert10855@gmail.com');
INSERT INTO Cliente(Id, NumeroIdentificacion, IdTipoDocumento, Nombre, Direccion, Movil, IdCiudad, Correo) VALUES (73, '5014131', 13, 'ALZATE NOVOA HERNANDO ANDRES', 'CRA 67 B 56 B 87', '2331062',5001, 'aldrincosmo@yahoo.com ');
INSERT INTO Cliente(Id, NumeroIdentificacion, IdTipoDocumento, Nombre, Direccion, Movil, IdCiudad, Correo) VALUES (74, '13430143', 13, 'ALVAREZ NARVAEZ HILDA', 'Cra 67a -- 80-63 apto 201', '2335881',5001, 'ale_0385@gmail.com');
INSERT INTO Cliente(Id, NumeroIdentificacion, IdTipoDocumento, Nombre, Direccion, Movil, IdCiudad, Correo) VALUES (75, '61843504', 13, 'OROZCO NARANJO HUGO ARMANDO', 'CRA 67A C5-32 SAN JOAQUIN', '2336390',5001, 'alearangoc@epm.net.co');
INSERT INTO Cliente(Id, NumeroIdentificacion, IdTipoDocumento, Nombre, Direccion, Movil, IdCiudad, Correo) VALUES (76, '74917371', 13, 'ANGEL MUîOZ HUMBERTO', 'CRA 67B  51A-72 ESTADIO', '2336559',5001, 'alebetancurg@gmail.com');
INSERT INTO Cliente(Id, NumeroIdentificacion, IdTipoDocumento, Nombre, Direccion, Movil, IdCiudad, Correo) VALUES (77, '48643004', 13, 'LONDOîO MUîOZ HUMBERTO DE JESUS', 'CRA 67B NO 51A-43 EXITO DE COL', '2337809',5001, 'alefito2@yahoo.com ');
INSERT INTO Cliente(Id, NumeroIdentificacion, IdTipoDocumento, Nombre, Direccion, Movil, IdCiudad, Correo) VALUES (78, '30671707', 13, 'BOTERO MUîOZ ISABEL CECILIA', 'CRA 68  79B-10', '2337809',5001, 'alegna1167@latinmail.com ');
INSERT INTO Cliente(Id, NumeroIdentificacion, IdTipoDocumento, Nombre, Direccion, Movil, IdCiudad, Correo) VALUES (79, '85416971', 13, 'VARGAS MUîOZ IVAN DARIO', 'CRA 68 -- 100 - 29 APTO 201', '2338215',5001, 'aleja.monsalve@gmail.com');
INSERT INTO Cliente(Id, NumeroIdentificacion, IdTipoDocumento, Nombre, Direccion, Movil, IdCiudad, Correo) VALUES (80, '36321922', 13, 'ZULUAGA MUNERA JANETH ASTRID', 'CRA 68 -- CIRC. 1-81', '2339372',5001, 'aleja1502@latinmail.com');
INSERT INTO Cliente(Id, NumeroIdentificacion, IdTipoDocumento, Nombre, Direccion, Movil, IdCiudad, Correo) VALUES (81, '40021922', 13, 'RESTREPO MORENO JAQUELINE', 'CRA 68 40-42', '2339981',5001, 'aleja6129@gmail.com');
INSERT INTO Cliente(Id, NumeroIdentificacion, IdTipoDocumento, Nombre, Direccion, Movil, IdCiudad, Correo) VALUES (82, '6418221', 13, 'LONDOîO MORENO JENNIFER DE JESUS', 'CRA 68 40B 21', '2340083',5001, 'alejabeta1@gmail.com');
INSERT INTO Cliente(Id, NumeroIdentificacion, IdTipoDocumento, Nombre, Direccion, Movil, IdCiudad, Correo) VALUES (83, '12034343', 13, 'ARROYAVE MORA JENNY PATRICIA', 'CRA 68 42-100', '2340247',5001, 'alejacallt@gmail.com');
INSERT INTO Cliente(Id, NumeroIdentificacion, IdTipoDocumento, Nombre, Direccion, Movil, IdCiudad, Correo) VALUES (84, '100000', 13, 'YEPES MONTOYA JESUS ALBERTO', 'CRA 68 42-25', '2340438',5001, 'alejaj018@gmail.com');
INSERT INTO Cliente(Id, NumeroIdentificacion, IdTipoDocumento, Nombre, Direccion, Movil, IdCiudad, Correo) VALUES (85, '92317071', 13, 'VELEZ MONTOYA JOANY', 'CRA 68 43-20', '2340562',5001, 'alejalanena@gmail.com');
INSERT INTO Cliente(Id, NumeroIdentificacion, IdTipoDocumento, Nombre, Direccion, Movil, IdCiudad, Correo) VALUES (86, '7654935', 13, 'BONNETT MONTOYA JOHN JAIRO', 'CRA 68 80 -35 Apto 302', '2340804',5001, 'alejandra210187@gmail.com');
INSERT INTO Cliente(Id, NumeroIdentificacion, IdTipoDocumento, Nombre, Direccion, Movil, IdCiudad, Correo) VALUES (87, '59071707', 13, 'QUINTERO MONTOYA JOHN JAIRO', 'CRA 68 N. 32C-59', '2340923',5001, 'alejandro.dj@gmail.com ');
INSERT INTO Cliente(Id, NumeroIdentificacion, IdTipoDocumento, Nombre, Direccion, Movil, IdCiudad, Correo) VALUES (88, '37417371', 13, 'ARRUBLA MESA JOHN RENE', 'CRA 68 N0.36-25', '2340990',5088, 'alejandro.gonzalez@esumer.edu.co');
INSERT INTO Cliente(Id, NumeroIdentificacion, IdTipoDocumento, Nombre, Direccion, Movil, IdCiudad, Correo) VALUES (89, '77526842', 13, 'VELEZ MEJIA JORGE ALBERTO', 'CRA 68 No 42-100 SAN JOAQUIN', '2341041',5001, 'alejandro20085@yahoo.es');
INSERT INTO Cliente(Id, NumeroIdentificacion, IdTipoDocumento, Nombre, Direccion, Movil, IdCiudad, Correo) VALUES (90, '94910201', 13, 'RICO MEJIA JORGE ALBERTO', 'CRA 68A 44-72', '2341249',5001, 'alejandroaac@epm.net.co');
INSERT INTO Cliente(Id, NumeroIdentificacion, IdTipoDocumento, Nombre, Direccion, Movil, IdCiudad, Correo) VALUES (91, '48817171', 13, 'CAMPO MEDINA JORGE ELIECER', 'CRA 68A 46A-53 FLORIDA NUEVA', '2341316',5001, 'alejandrodavid49@gmail.com ');
INSERT INTO Cliente(Id, NumeroIdentificacion, IdTipoDocumento, Nombre, Direccion, Movil, IdCiudad, Correo) VALUES (92, '66043504', 13, 'SANCHEZ MAYA JORGE ENRIQUE', 'CRA 68A NO 44B-139 APTO 201', '2341433',5001, 'alejandromonsalve82@gmail.com');
INSERT INTO Cliente(Id, NumeroIdentificacion, IdTipoDocumento, Nombre, Direccion, Movil, IdCiudad, Correo) VALUES (93, '22815371', 13, 'SEPULVEDA MARTINEZ JORGE ENRIQUE', 'CRA 68A No 92D-24', '2341486',5001, 'alejandrovilladarios@gmail.com');
INSERT INTO Cliente(Id, NumeroIdentificacion, IdTipoDocumento, Nombre, Direccion, Movil, IdCiudad, Correo) VALUES (94, '12143004', 13, 'PALACIO MARTINEZ JORGE IVAN', 'cra 68e -- 59bb-3', '2342032',5001, 'ALEJAOSPINA86@gmail.COM');
INSERT INTO Cliente(Id, NumeroIdentificacion, IdTipoDocumento, Nombre, Direccion, Movil, IdCiudad, Correo) VALUES (95, '85314821', 13, 'EUSSE MARQUEZ JORGE IVAN', 'CRA 69 119 81 APTO 201', '2342055',5001, 'alejasierrap@gmail.com');
INSERT INTO Cliente(Id, NumeroIdentificacion, IdTipoDocumento, Nombre, Direccion, Movil, IdCiudad, Correo) VALUES (96, '14734343', 13, 'MORALES MARIN JOSE JESUS', 'CRA 69 73-22', '2342128',5001, 'ALEJAT26@gmail.COM');
INSERT INTO Cliente(Id, NumeroIdentificacion, IdTipoDocumento, Nombre, Direccion, Movil, IdCiudad, Correo) VALUES (97, '12501070', 13, 'AGUIRRE MADERA JOSE JOAQUIN', 'CRA 69 94-71 CASTILLA', '2342147',5001, 'alejavi09@gmail.com');
INSERT INTO Cliente(Id, NumeroIdentificacion, IdTipoDocumento, Nombre, Direccion, Movil, IdCiudad, Correo) VALUES (98, '52030743', 13, 'MONTOYA LOTERO JOSE MAURICIO', 'CRA 69 No 80-110', '2342550',5001, 'alejflor86@gmail.com');
INSERT INTO Cliente(Id, NumeroIdentificacion, IdTipoDocumento, Nombre, Direccion, Movil, IdCiudad, Correo) VALUES (99, '5500500', 13, 'SANCHEZ LOPEZ JUAN CARLOS', 'CRA 69 No. 78B 12 BL 21 APTO. 303 ', '2342724',5001, 'alejin1004@yahoo.com ');
INSERT INTO Cliente(Id, NumeroIdentificacion, IdTipoDocumento, Nombre, Direccion, Movil, IdCiudad, Correo) VALUES (100, '84837243', 13, 'MORENO LOPERA JUAN CARLOS', 'cra 69b --30b-15 apto 402', '2342807',5001, 'alejita17@msl.com');
SET IDENTITY_INSERT Cliente OFF



